insert into authors (id, name, photo, slug, description) values (1, 'Cooper Major', 'vitae mattis nibh ligula nec sem duis aliquam', 'Major', 'In quis justo. Maecenas rhoncus aliquam lacus. Morbi quis tortor id nulla ultrices aliquet.

Maecenas leo odio, condimentum id, luctus nec, molestie sed, justo. Pellentesque viverra pede ac diam. Cras pellentesque volutpat dui.

Maecenas tristique, est et tempus semper, est quam pharetra magna, ac consequat metus sapien ut nunc. Vestibulum ante ipsum primis in faucibus orci luctus et ultrices posuere cubilia Curae; Mauris viverra diam vitae quam. Suspendisse potenti.');
insert into authors (id, name, photo, slug, description) values (2, 'Giraldo Fayter', 'ac est lacinia nisi venenatis tristique fusce congue diam id', 'Fayter', 'Suspendisse potenti. In eleifend quam a odio. In hac habitasse platea dictumst.

Maecenas ut massa quis augue luctus tincidunt. Nulla mollis molestie lorem. Quisque ut erat.

Curabitur gravida nisi at nibh. In hac habitasse platea dictumst. Aliquam augue quam, sollicitudin vitae, consectetuer eget, rutrum at, lorem.');
insert into authors (id, name, photo, slug, description) values (3, 'Bertina McGlashan', 'potenti in eleifend quam a', 'McGlashan', 'Aenean fermentum. Donec ut mauris eget massa tempor convallis. Nulla neque libero, convallis eget, eleifend luctus, ultricies eu, nibh.

Quisque id justo sit amet sapien dignissim vestibulum. Vestibulum ante ipsum primis in faucibus orci luctus et ultrices posuere cubilia Curae; Nulla dapibus dolor vel est. Donec odio justo, sollicitudin ut, suscipit a, feugiat et, eros.

Vestibulum ac est lacinia nisi venenatis tristique. Fusce congue, diam id ornare imperdiet, sapien urna pretium nisl, ut volutpat sapien arcu sed augue. Aliquam erat volutpat.

In congue. Etiam justo. Etiam pretium iaculis justo.

In hac habitasse platea dictumst. Etiam faucibus cursus urna. Ut tellus.');
insert into authors (id, name, photo, slug, description) values (4, 'Bernard Dunklee', 'dapibus dolor vel est donec odio justo', 'Dunklee', 'Sed ante. Vivamus tortor. Duis mattis egestas metus.

Aenean fermentum. Donec ut mauris eget massa tempor convallis. Nulla neque libero, convallis eget, eleifend luctus, ultricies eu, nibh.

Quisque id justo sit amet sapien dignissim vestibulum. Vestibulum ante ipsum primis in faucibus orci luctus et ultrices posuere cubilia Curae; Nulla dapibus dolor vel est. Donec odio justo, sollicitudin ut, suscipit a, feugiat et, eros.');
insert into authors (id, name, photo, slug, description) values (5, 'Nancee Sergent', 'non mi integer ac neque', 'Sergent', 'Aliquam quis turpis eget elit sodales scelerisque. Mauris sit amet eros. Suspendisse accumsan tortor quis turpis.

Sed ante. Vivamus tortor. Duis mattis egestas metus.

Aenean fermentum. Donec ut mauris eget massa tempor convallis. Nulla neque libero, convallis eget, eleifend luctus, ultricies eu, nibh.

Quisque id justo sit amet sapien dignissim vestibulum. Vestibulum ante ipsum primis in faucibus orci luctus et ultrices posuere cubilia Curae; Nulla dapibus dolor vel est. Donec odio justo, sollicitudin ut, suscipit a, feugiat et, eros.');
insert into authors (id, name, photo, slug, description) values (6, 'Kellina Methuen', 'ante vel ipsum praesent blandit lacinia', 'Methuen', 'Phasellus in felis. Donec semper sapien a libero. Nam dui.

Proin leo odio, porttitor id, consequat in, consequat ut, nulla. Sed accumsan felis. Ut at dolor quis odio consequat varius.

Integer ac leo. Pellentesque ultrices mattis odio. Donec vitae nisi.');
insert into authors (id, name, photo, slug, description) values (7, 'Suellen Wabey', 'non quam nec dui luctus rutrum nulla', 'Wabey', 'Maecenas tristique, est et tempus semper, est quam pharetra magna, ac consequat metus sapien ut nunc. Vestibulum ante ipsum primis in faucibus orci luctus et ultrices posuere cubilia Curae; Mauris viverra diam vitae quam. Suspendisse potenti.

Nullam porttitor lacus at turpis. Donec posuere metus vitae ipsum. Aliquam non mauris.

Morbi non lectus. Aliquam sit amet diam in magna bibendum imperdiet. Nullam orci pede, venenatis non, sodales sed, tincidunt eu, felis.');
insert into authors (id, name, photo, slug, description) values (8, 'Aleen Jephson', 'sapien placerat ante nulla justo aliquam quis turpis eget', 'Jephson', 'Morbi non lectus. Aliquam sit amet diam in magna bibendum imperdiet. Nullam orci pede, venenatis non, sodales sed, tincidunt eu, felis.

Fusce posuere felis sed lacus. Morbi sem mauris, laoreet ut, rhoncus aliquet, pulvinar sed, nisl. Nunc rhoncus dui vel sem.

Sed sagittis. Nam congue, risus semper porta volutpat, quam pede lobortis ligula, sit amet eleifend pede libero quis orci. Nullam molestie nibh in lectus.');
insert into authors (id, name, photo, slug, description) values (9, 'Rhoda Franscioni', 'non interdum in ante vestibulum ante ipsum primis in faucibus', 'Franscioni', 'Aenean fermentum. Donec ut mauris eget massa tempor convallis. Nulla neque libero, convallis eget, eleifend luctus, ultricies eu, nibh.

Quisque id justo sit amet sapien dignissim vestibulum. Vestibulum ante ipsum primis in faucibus orci luctus et ultrices posuere cubilia Curae; Nulla dapibus dolor vel est. Donec odio justo, sollicitudin ut, suscipit a, feugiat et, eros.

Vestibulum ac est lacinia nisi venenatis tristique. Fusce congue, diam id ornare imperdiet, sapien urna pretium nisl, ut volutpat sapien arcu sed augue. Aliquam erat volutpat.

In congue. Etiam justo. Etiam pretium iaculis justo.');
insert into authors (id, name, photo, slug, description) values (10, 'Siusan Awdry', 'dis parturient montes nascetur ridiculus', 'Awdry', 'Phasellus sit amet erat. Nulla tempus. Vivamus in felis eu sapien cursus vestibulum.

Proin eu mi. Nulla ac enim. In tempor, turpis nec euismod scelerisque, quam turpis adipiscing lorem, vitae mattis nibh ligula nec sem.

Duis aliquam convallis nunc. Proin at turpis a pede posuere nonummy. Integer non velit.

Donec diam neque, vestibulum eget, vulputate ut, ultrices vel, augue. Vestibulum ante ipsum primis in faucibus orci luctus et ultrices posuere cubilia Curae; Donec pharetra, magna vestibulum aliquet ultrices, erat tortor sollicitudin mi, sit amet lobortis sapien sapien non mi. Integer ac neque.

Duis bibendum. Morbi non quam nec dui luctus rutrum. Nulla tellus.');
insert into authors (id, name, photo, slug, description) values (11, 'Gwyn Blenkinship', 'dolor morbi vel lectus in quam', 'Blenkinship', 'Maecenas ut massa quis augue luctus tincidunt. Nulla mollis molestie lorem. Quisque ut erat.

Curabitur gravida nisi at nibh. In hac habitasse platea dictumst. Aliquam augue quam, sollicitudin vitae, consectetuer eget, rutrum at, lorem.

Integer tincidunt ante vel ipsum. Praesent blandit lacinia erat. Vestibulum sed magna at nunc commodo placerat.

Praesent blandit. Nam nulla. Integer pede justo, lacinia eget, tincidunt eget, tempus vel, pede.');
insert into authors (id, name, photo, slug, description) values (12, 'Sasha Schollar', 'pulvinar lobortis est phasellus sit amet erat nulla', 'Schollar', 'Morbi non lectus. Aliquam sit amet diam in magna bibendum imperdiet. Nullam orci pede, venenatis non, sodales sed, tincidunt eu, felis.

Fusce posuere felis sed lacus. Morbi sem mauris, laoreet ut, rhoncus aliquet, pulvinar sed, nisl. Nunc rhoncus dui vel sem.

Sed sagittis. Nam congue, risus semper porta volutpat, quam pede lobortis ligula, sit amet eleifend pede libero quis orci. Nullam molestie nibh in lectus.

Pellentesque at nulla. Suspendisse potenti. Cras in purus eu magna vulputate luctus.');
insert into authors (id, name, photo, slug, description) values (13, 'Sim MacGarvey', 'nunc proin at turpis a pede posuere nonummy integer non', 'MacGarvey', 'Praesent id massa id nisl venenatis lacinia. Aenean sit amet justo. Morbi ut odio.

Cras mi pede, malesuada in, imperdiet et, commodo vulputate, justo. In blandit ultrices enim. Lorem ipsum dolor sit amet, consectetuer adipiscing elit.

Proin interdum mauris non ligula pellentesque ultrices. Phasellus id sapien in sapien iaculis congue. Vivamus metus arcu, adipiscing molestie, hendrerit at, vulputate vitae, nisl.

Aenean lectus. Pellentesque eget nunc. Donec quis orci eget orci vehicula condimentum.');
insert into authors (id, name, photo, slug, description) values (14, 'Eve Piris', 'dolor morbi vel lectus in quam', 'Piris', 'Mauris enim leo, rhoncus sed, vestibulum sit amet, cursus id, turpis. Integer aliquet, massa id lobortis convallis, tortor risus dapibus augue, vel accumsan tellus nisi eu orci. Mauris lacinia sapien quis libero.

Nullam sit amet turpis elementum ligula vehicula consequat. Morbi a ipsum. Integer a nibh.

In quis justo. Maecenas rhoncus aliquam lacus. Morbi quis tortor id nulla ultrices aliquet.');
insert into authors (id, name, photo, slug, description) values (15, 'Elayne Swithenby', 'natoque penatibus et magnis dis parturient montes nascetur ridiculus mus', 'Swithenby', 'Cum sociis natoque penatibus et magnis dis parturient montes, nascetur ridiculus mus. Vivamus vestibulum sagittis sapien. Cum sociis natoque penatibus et magnis dis parturient montes, nascetur ridiculus mus.

Etiam vel augue. Vestibulum rutrum rutrum neque. Aenean auctor gravida sem.

Praesent id massa id nisl venenatis lacinia. Aenean sit amet justo. Morbi ut odio.

Cras mi pede, malesuada in, imperdiet et, commodo vulputate, justo. In blandit ultrices enim. Lorem ipsum dolor sit amet, consectetuer adipiscing elit.

Proin interdum mauris non ligula pellentesque ultrices. Phasellus id sapien in sapien iaculis congue. Vivamus metus arcu, adipiscing molestie, hendrerit at, vulputate vitae, nisl.');
insert into authors (id, name, photo, slug, description) values (16, 'Lorry Gawthorpe', 'vestibulum quam sapien varius ut blandit non interdum in ante', 'Gawthorpe', 'Maecenas ut massa quis augue luctus tincidunt. Nulla mollis molestie lorem. Quisque ut erat.

Curabitur gravida nisi at nibh. In hac habitasse platea dictumst. Aliquam augue quam, sollicitudin vitae, consectetuer eget, rutrum at, lorem.

Integer tincidunt ante vel ipsum. Praesent blandit lacinia erat. Vestibulum sed magna at nunc commodo placerat.

Praesent blandit. Nam nulla. Integer pede justo, lacinia eget, tincidunt eget, tempus vel, pede.

Morbi porttitor lorem id ligula. Suspendisse ornare consequat lectus. In est risus, auctor sed, tristique in, tempus sit amet, sem.');
insert into authors (id, name, photo, slug, description) values (17, 'Eddie Hallstone', 'dui luctus rutrum nulla tellus in sagittis dui', 'Hallstone', 'Integer tincidunt ante vel ipsum. Praesent blandit lacinia erat. Vestibulum sed magna at nunc commodo placerat.

Praesent blandit. Nam nulla. Integer pede justo, lacinia eget, tincidunt eget, tempus vel, pede.

Morbi porttitor lorem id ligula. Suspendisse ornare consequat lectus. In est risus, auctor sed, tristique in, tempus sit amet, sem.

Fusce consequat. Nulla nisl. Nunc nisl.

Duis bibendum, felis sed interdum venenatis, turpis enim blandit mi, in porttitor pede justo eu massa. Donec dapibus. Duis at velit eu est congue elementum.');
insert into authors (id, name, photo, slug, description) values (18, 'Adara Walker', 'eleifend quam a odio in hac habitasse platea dictumst', 'Walker', 'Duis bibendum. Morbi non quam nec dui luctus rutrum. Nulla tellus.

In sagittis dui vel nisl. Duis ac nibh. Fusce lacus purus, aliquet at, feugiat non, pretium quis, lectus.

Suspendisse potenti. In eleifend quam a odio. In hac habitasse platea dictumst.');
insert into authors (id, name, photo, slug, description) values (19, 'Borg Pagitt', 'dictumst aliquam augue quam sollicitudin vitae consectetuer eget rutrum', 'Pagitt', 'Curabitur gravida nisi at nibh. In hac habitasse platea dictumst. Aliquam augue quam, sollicitudin vitae, consectetuer eget, rutrum at, lorem.

Integer tincidunt ante vel ipsum. Praesent blandit lacinia erat. Vestibulum sed magna at nunc commodo placerat.

Praesent blandit. Nam nulla. Integer pede justo, lacinia eget, tincidunt eget, tempus vel, pede.');
insert into authors (id, name, photo, slug, description) values (20, 'Adelbert Pyper', 'eget vulputate ut ultrices vel augue vestibulum ante ipsum primis', 'Pyper', 'Praesent blandit. Nam nulla. Integer pede justo, lacinia eget, tincidunt eget, tempus vel, pede.

Morbi porttitor lorem id ligula. Suspendisse ornare consequat lectus. In est risus, auctor sed, tristique in, tempus sit amet, sem.

Fusce consequat. Nulla nisl. Nunc nisl.

Duis bibendum, felis sed interdum venenatis, turpis enim blandit mi, in porttitor pede justo eu massa. Donec dapibus. Duis at velit eu est congue elementum.');
insert into authors (id, name, photo, slug, description) values (21, 'Stanislaus Womersley', 'aliquam augue quam sollicitudin vitae consectetuer eget rutrum at lorem', 'Womersley', 'Quisque porta volutpat erat. Quisque erat eros, viverra eget, congue eget, semper rutrum, nulla. Nunc purus.

Phasellus in felis. Donec semper sapien a libero. Nam dui.

Proin leo odio, porttitor id, consequat in, consequat ut, nulla. Sed accumsan felis. Ut at dolor quis odio consequat varius.

Integer ac leo. Pellentesque ultrices mattis odio. Donec vitae nisi.

Nam ultrices, libero non mattis pulvinar, nulla pede ullamcorper augue, a suscipit nulla elit ac nulla. Sed vel enim sit amet nunc viverra dapibus. Nulla suscipit ligula in lacus.');
insert into authors (id, name, photo, slug, description) values (22, 'Brice Roof', 'mauris ullamcorper purus sit amet nulla', 'Roof', 'Fusce consequat. Nulla nisl. Nunc nisl.

Duis bibendum, felis sed interdum venenatis, turpis enim blandit mi, in porttitor pede justo eu massa. Donec dapibus. Duis at velit eu est congue elementum.

In hac habitasse platea dictumst. Morbi vestibulum, velit id pretium iaculis, diam erat fermentum justo, nec condimentum neque sapien placerat ante. Nulla justo.');
insert into authors (id, name, photo, slug, description) values (23, 'Fidel Laurenceau', 'eget elit sodales scelerisque mauris sit', 'Laurenceau', 'Sed ante. Vivamus tortor. Duis mattis egestas metus.

Aenean fermentum. Donec ut mauris eget massa tempor convallis. Nulla neque libero, convallis eget, eleifend luctus, ultricies eu, nibh.

Quisque id justo sit amet sapien dignissim vestibulum. Vestibulum ante ipsum primis in faucibus orci luctus et ultrices posuere cubilia Curae; Nulla dapibus dolor vel est. Donec odio justo, sollicitudin ut, suscipit a, feugiat et, eros.

Vestibulum ac est lacinia nisi venenatis tristique. Fusce congue, diam id ornare imperdiet, sapien urna pretium nisl, ut volutpat sapien arcu sed augue. Aliquam erat volutpat.

In congue. Etiam justo. Etiam pretium iaculis justo.');
insert into authors (id, name, photo, slug, description) values (24, 'Kendre Whittier', 'lacus morbi sem mauris laoreet ut', 'Whittier', 'Cras non velit nec nisi vulputate nonummy. Maecenas tincidunt lacus at velit. Vivamus vel nulla eget eros elementum pellentesque.

Quisque porta volutpat erat. Quisque erat eros, viverra eget, congue eget, semper rutrum, nulla. Nunc purus.

Phasellus in felis. Donec semper sapien a libero. Nam dui.

Proin leo odio, porttitor id, consequat in, consequat ut, nulla. Sed accumsan felis. Ut at dolor quis odio consequat varius.

Integer ac leo. Pellentesque ultrices mattis odio. Donec vitae nisi.');
insert into authors (id, name, photo, slug, description) values (25, 'Ana Kryszka', 'purus eu magna vulputate luctus cum sociis natoque penatibus et', 'Kryszka', 'Integer tincidunt ante vel ipsum. Praesent blandit lacinia erat. Vestibulum sed magna at nunc commodo placerat.

Praesent blandit. Nam nulla. Integer pede justo, lacinia eget, tincidunt eget, tempus vel, pede.

Morbi porttitor lorem id ligula. Suspendisse ornare consequat lectus. In est risus, auctor sed, tristique in, tempus sit amet, sem.

Fusce consequat. Nulla nisl. Nunc nisl.

Duis bibendum, felis sed interdum venenatis, turpis enim blandit mi, in porttitor pede justo eu massa. Donec dapibus. Duis at velit eu est congue elementum.');
insert into authors (id, name, photo, slug, description) values (26, 'Leontine Menego', 'molestie lorem quisque ut erat curabitur gravida nisi', 'Menego', 'Proin eu mi. Nulla ac enim. In tempor, turpis nec euismod scelerisque, quam turpis adipiscing lorem, vitae mattis nibh ligula nec sem.

Duis aliquam convallis nunc. Proin at turpis a pede posuere nonummy. Integer non velit.

Donec diam neque, vestibulum eget, vulputate ut, ultrices vel, augue. Vestibulum ante ipsum primis in faucibus orci luctus et ultrices posuere cubilia Curae; Donec pharetra, magna vestibulum aliquet ultrices, erat tortor sollicitudin mi, sit amet lobortis sapien sapien non mi. Integer ac neque.

Duis bibendum. Morbi non quam nec dui luctus rutrum. Nulla tellus.');
insert into authors (id, name, photo, slug, description) values (27, 'Basile Maddrah', 'ligula suspendisse ornare consequat lectus in', 'Maddrah', 'Nullam porttitor lacus at turpis. Donec posuere metus vitae ipsum. Aliquam non mauris.

Morbi non lectus. Aliquam sit amet diam in magna bibendum imperdiet. Nullam orci pede, venenatis non, sodales sed, tincidunt eu, felis.

Fusce posuere felis sed lacus. Morbi sem mauris, laoreet ut, rhoncus aliquet, pulvinar sed, nisl. Nunc rhoncus dui vel sem.');
insert into authors (id, name, photo, slug, description) values (28, 'Vinnie Duffitt', 'habitasse platea dictumst etiam faucibus cursus urna ut tellus nulla', 'Duffitt', 'Nulla ut erat id mauris vulputate elementum. Nullam varius. Nulla facilisi.

Cras non velit nec nisi vulputate nonummy. Maecenas tincidunt lacus at velit. Vivamus vel nulla eget eros elementum pellentesque.

Quisque porta volutpat erat. Quisque erat eros, viverra eget, congue eget, semper rutrum, nulla. Nunc purus.

Phasellus in felis. Donec semper sapien a libero. Nam dui.');
insert into authors (id, name, photo, slug, description) values (29, 'Fergus McNeill', 'arcu adipiscing molestie hendrerit at vulputate', 'McNeill', 'Quisque porta volutpat erat. Quisque erat eros, viverra eget, congue eget, semper rutrum, nulla. Nunc purus.

Phasellus in felis. Donec semper sapien a libero. Nam dui.

Proin leo odio, porttitor id, consequat in, consequat ut, nulla. Sed accumsan felis. Ut at dolor quis odio consequat varius.

Integer ac leo. Pellentesque ultrices mattis odio. Donec vitae nisi.');
insert into authors (id, name, photo, slug, description) values (30, 'Ahmad Jeffries', 'quis orci eget orci vehicula condimentum curabitur in', 'Jeffries', 'In hac habitasse platea dictumst. Etiam faucibus cursus urna. Ut tellus.

Nulla ut erat id mauris vulputate elementum. Nullam varius. Nulla facilisi.

Cras non velit nec nisi vulputate nonummy. Maecenas tincidunt lacus at velit. Vivamus vel nulla eget eros elementum pellentesque.

Quisque porta volutpat erat. Quisque erat eros, viverra eget, congue eget, semper rutrum, nulla. Nunc purus.

Phasellus in felis. Donec semper sapien a libero. Nam dui.');
insert into authors (id, name, photo, slug, description) values (31, 'Liva Lowater', 'ipsum primis in faucibus orci', 'Lowater', 'In hac habitasse platea dictumst. Morbi vestibulum, velit id pretium iaculis, diam erat fermentum justo, nec condimentum neque sapien placerat ante. Nulla justo.

Aliquam quis turpis eget elit sodales scelerisque. Mauris sit amet eros. Suspendisse accumsan tortor quis turpis.

Sed ante. Vivamus tortor. Duis mattis egestas metus.');
insert into authors (id, name, photo, slug, description) values (32, 'Tyson Kettell', 'eget tincidunt eget tempus vel pede morbi porttitor', 'Kettell', 'Duis bibendum. Morbi non quam nec dui luctus rutrum. Nulla tellus.

In sagittis dui vel nisl. Duis ac nibh. Fusce lacus purus, aliquet at, feugiat non, pretium quis, lectus.

Suspendisse potenti. In eleifend quam a odio. In hac habitasse platea dictumst.

Maecenas ut massa quis augue luctus tincidunt. Nulla mollis molestie lorem. Quisque ut erat.');
insert into authors (id, name, photo, slug, description) values (33, 'Leroi Ranns', 'ut rhoncus aliquet pulvinar sed nisl nunc rhoncus dui vel', 'Ranns', 'Curabitur in libero ut massa volutpat convallis. Morbi odio odio, elementum eu, interdum eu, tincidunt in, leo. Maecenas pulvinar lobortis est.

Phasellus sit amet erat. Nulla tempus. Vivamus in felis eu sapien cursus vestibulum.

Proin eu mi. Nulla ac enim. In tempor, turpis nec euismod scelerisque, quam turpis adipiscing lorem, vitae mattis nibh ligula nec sem.

Duis aliquam convallis nunc. Proin at turpis a pede posuere nonummy. Integer non velit.');
insert into authors (id, name, photo, slug, description) values (34, 'Rasia Braywood', 'magna vulputate luctus cum sociis', 'Braywood', 'Proin interdum mauris non ligula pellentesque ultrices. Phasellus id sapien in sapien iaculis congue. Vivamus metus arcu, adipiscing molestie, hendrerit at, vulputate vitae, nisl.

Aenean lectus. Pellentesque eget nunc. Donec quis orci eget orci vehicula condimentum.

Curabitur in libero ut massa volutpat convallis. Morbi odio odio, elementum eu, interdum eu, tincidunt in, leo. Maecenas pulvinar lobortis est.

Phasellus sit amet erat. Nulla tempus. Vivamus in felis eu sapien cursus vestibulum.');
insert into authors (id, name, photo, slug, description) values (35, 'Josias Philips', 'maecenas ut massa quis augue', 'Philips', 'Vestibulum ac est lacinia nisi venenatis tristique. Fusce congue, diam id ornare imperdiet, sapien urna pretium nisl, ut volutpat sapien arcu sed augue. Aliquam erat volutpat.

In congue. Etiam justo. Etiam pretium iaculis justo.

In hac habitasse platea dictumst. Etiam faucibus cursus urna. Ut tellus.

Nulla ut erat id mauris vulputate elementum. Nullam varius. Nulla facilisi.

Cras non velit nec nisi vulputate nonummy. Maecenas tincidunt lacus at velit. Vivamus vel nulla eget eros elementum pellentesque.');
insert into authors (id, name, photo, slug, description) values (36, 'Filia Clougher', 'donec vitae nisi nam ultrices', 'Clougher', 'Aenean lectus. Pellentesque eget nunc. Donec quis orci eget orci vehicula condimentum.

Curabitur in libero ut massa volutpat convallis. Morbi odio odio, elementum eu, interdum eu, tincidunt in, leo. Maecenas pulvinar lobortis est.

Phasellus sit amet erat. Nulla tempus. Vivamus in felis eu sapien cursus vestibulum.');
insert into authors (id, name, photo, slug, description) values (37, 'Nadeen Yarker', 'vulputate luctus cum sociis natoque penatibus et magnis', 'Yarker', 'Nulla ut erat id mauris vulputate elementum. Nullam varius. Nulla facilisi.

Cras non velit nec nisi vulputate nonummy. Maecenas tincidunt lacus at velit. Vivamus vel nulla eget eros elementum pellentesque.

Quisque porta volutpat erat. Quisque erat eros, viverra eget, congue eget, semper rutrum, nulla. Nunc purus.');
insert into authors (id, name, photo, slug, description) values (38, 'Hilarius Roback', 'justo in hac habitasse platea dictumst', 'Roback', 'Duis aliquam convallis nunc. Proin at turpis a pede posuere nonummy. Integer non velit.

Donec diam neque, vestibulum eget, vulputate ut, ultrices vel, augue. Vestibulum ante ipsum primis in faucibus orci luctus et ultrices posuere cubilia Curae; Donec pharetra, magna vestibulum aliquet ultrices, erat tortor sollicitudin mi, sit amet lobortis sapien sapien non mi. Integer ac neque.

Duis bibendum. Morbi non quam nec dui luctus rutrum. Nulla tellus.

In sagittis dui vel nisl. Duis ac nibh. Fusce lacus purus, aliquet at, feugiat non, pretium quis, lectus.');
insert into authors (id, name, photo, slug, description) values (39, 'Reinhold Cousin', 'viverra eget congue eget semper rutrum nulla nunc purus', 'Cousin', 'Duis aliquam convallis nunc. Proin at turpis a pede posuere nonummy. Integer non velit.

Donec diam neque, vestibulum eget, vulputate ut, ultrices vel, augue. Vestibulum ante ipsum primis in faucibus orci luctus et ultrices posuere cubilia Curae; Donec pharetra, magna vestibulum aliquet ultrices, erat tortor sollicitudin mi, sit amet lobortis sapien sapien non mi. Integer ac neque.

Duis bibendum. Morbi non quam nec dui luctus rutrum. Nulla tellus.

In sagittis dui vel nisl. Duis ac nibh. Fusce lacus purus, aliquet at, feugiat non, pretium quis, lectus.');
insert into authors (id, name, photo, slug, description) values (40, 'Terza Seakings', 'ac est lacinia nisi venenatis tristique fusce congue diam', 'Seakings', 'Maecenas leo odio, condimentum id, luctus nec, molestie sed, justo. Pellentesque viverra pede ac diam. Cras pellentesque volutpat dui.

Maecenas tristique, est et tempus semper, est quam pharetra magna, ac consequat metus sapien ut nunc. Vestibulum ante ipsum primis in faucibus orci luctus et ultrices posuere cubilia Curae; Mauris viverra diam vitae quam. Suspendisse potenti.

Nullam porttitor lacus at turpis. Donec posuere metus vitae ipsum. Aliquam non mauris.

Morbi non lectus. Aliquam sit amet diam in magna bibendum imperdiet. Nullam orci pede, venenatis non, sodales sed, tincidunt eu, felis.

Fusce posuere felis sed lacus. Morbi sem mauris, laoreet ut, rhoncus aliquet, pulvinar sed, nisl. Nunc rhoncus dui vel sem.');
insert into authors (id, name, photo, slug, description) values (41, 'Celene Woodwin', 'id nulla ultrices aliquet maecenas leo odio condimentum id luctus', 'Woodwin', 'Proin eu mi. Nulla ac enim. In tempor, turpis nec euismod scelerisque, quam turpis adipiscing lorem, vitae mattis nibh ligula nec sem.

Duis aliquam convallis nunc. Proin at turpis a pede posuere nonummy. Integer non velit.

Donec diam neque, vestibulum eget, vulputate ut, ultrices vel, augue. Vestibulum ante ipsum primis in faucibus orci luctus et ultrices posuere cubilia Curae; Donec pharetra, magna vestibulum aliquet ultrices, erat tortor sollicitudin mi, sit amet lobortis sapien sapien non mi. Integer ac neque.

Duis bibendum. Morbi non quam nec dui luctus rutrum. Nulla tellus.

In sagittis dui vel nisl. Duis ac nibh. Fusce lacus purus, aliquet at, feugiat non, pretium quis, lectus.');
insert into authors (id, name, photo, slug, description) values (42, 'Gayla Swallow', 'nulla dapibus dolor vel est donec odio', 'Swallow', 'Duis aliquam convallis nunc. Proin at turpis a pede posuere nonummy. Integer non velit.

Donec diam neque, vestibulum eget, vulputate ut, ultrices vel, augue. Vestibulum ante ipsum primis in faucibus orci luctus et ultrices posuere cubilia Curae; Donec pharetra, magna vestibulum aliquet ultrices, erat tortor sollicitudin mi, sit amet lobortis sapien sapien non mi. Integer ac neque.

Duis bibendum. Morbi non quam nec dui luctus rutrum. Nulla tellus.');
insert into authors (id, name, photo, slug, description) values (43, 'Ashlin Bulluck', 'neque aenean auctor gravida sem praesent id massa', 'Bulluck', 'Quisque porta volutpat erat. Quisque erat eros, viverra eget, congue eget, semper rutrum, nulla. Nunc purus.

Phasellus in felis. Donec semper sapien a libero. Nam dui.

Proin leo odio, porttitor id, consequat in, consequat ut, nulla. Sed accumsan felis. Ut at dolor quis odio consequat varius.

Integer ac leo. Pellentesque ultrices mattis odio. Donec vitae nisi.');
insert into authors (id, name, photo, slug, description) values (44, 'Eddie McKinna', 'duis faucibus accumsan odio curabitur', 'McKinna', 'Nullam sit amet turpis elementum ligula vehicula consequat. Morbi a ipsum. Integer a nibh.

In quis justo. Maecenas rhoncus aliquam lacus. Morbi quis tortor id nulla ultrices aliquet.

Maecenas leo odio, condimentum id, luctus nec, molestie sed, justo. Pellentesque viverra pede ac diam. Cras pellentesque volutpat dui.');
insert into authors (id, name, photo, slug, description) values (45, 'Hilly Weldon', 'nec molestie sed justo pellentesque viverra', 'Weldon', 'Morbi non lectus. Aliquam sit amet diam in magna bibendum imperdiet. Nullam orci pede, venenatis non, sodales sed, tincidunt eu, felis.

Fusce posuere felis sed lacus. Morbi sem mauris, laoreet ut, rhoncus aliquet, pulvinar sed, nisl. Nunc rhoncus dui vel sem.

Sed sagittis. Nam congue, risus semper porta volutpat, quam pede lobortis ligula, sit amet eleifend pede libero quis orci. Nullam molestie nibh in lectus.

Pellentesque at nulla. Suspendisse potenti. Cras in purus eu magna vulputate luctus.');
insert into authors (id, name, photo, slug, description) values (46, 'Dermot Philippe', 'blandit mi in porttitor pede justo', 'Philippe', 'In quis justo. Maecenas rhoncus aliquam lacus. Morbi quis tortor id nulla ultrices aliquet.

Maecenas leo odio, condimentum id, luctus nec, molestie sed, justo. Pellentesque viverra pede ac diam. Cras pellentesque volutpat dui.

Maecenas tristique, est et tempus semper, est quam pharetra magna, ac consequat metus sapien ut nunc. Vestibulum ante ipsum primis in faucibus orci luctus et ultrices posuere cubilia Curae; Mauris viverra diam vitae quam. Suspendisse potenti.

Nullam porttitor lacus at turpis. Donec posuere metus vitae ipsum. Aliquam non mauris.

Morbi non lectus. Aliquam sit amet diam in magna bibendum imperdiet. Nullam orci pede, venenatis non, sodales sed, tincidunt eu, felis.');
insert into authors (id, name, photo, slug, description) values (47, 'Lazarus Capin', 'in hac habitasse platea dictumst morbi', 'Capin', 'Duis aliquam convallis nunc. Proin at turpis a pede posuere nonummy. Integer non velit.

Donec diam neque, vestibulum eget, vulputate ut, ultrices vel, augue. Vestibulum ante ipsum primis in faucibus orci luctus et ultrices posuere cubilia Curae; Donec pharetra, magna vestibulum aliquet ultrices, erat tortor sollicitudin mi, sit amet lobortis sapien sapien non mi. Integer ac neque.

Duis bibendum. Morbi non quam nec dui luctus rutrum. Nulla tellus.');
insert into authors (id, name, photo, slug, description) values (48, 'Amber Lavrinov', 'consequat ut nulla sed accumsan felis ut at', 'Lavrinov', 'Maecenas leo odio, condimentum id, luctus nec, molestie sed, justo. Pellentesque viverra pede ac diam. Cras pellentesque volutpat dui.

Maecenas tristique, est et tempus semper, est quam pharetra magna, ac consequat metus sapien ut nunc. Vestibulum ante ipsum primis in faucibus orci luctus et ultrices posuere cubilia Curae; Mauris viverra diam vitae quam. Suspendisse potenti.

Nullam porttitor lacus at turpis. Donec posuere metus vitae ipsum. Aliquam non mauris.

Morbi non lectus. Aliquam sit amet diam in magna bibendum imperdiet. Nullam orci pede, venenatis non, sodales sed, tincidunt eu, felis.');
insert into authors (id, name, photo, slug, description) values (49, 'Molli Bradbury', 'ultrices enim lorem ipsum dolor sit', 'Bradbury', 'Praesent blandit. Nam nulla. Integer pede justo, lacinia eget, tincidunt eget, tempus vel, pede.

Morbi porttitor lorem id ligula. Suspendisse ornare consequat lectus. In est risus, auctor sed, tristique in, tempus sit amet, sem.

Fusce consequat. Nulla nisl. Nunc nisl.');
insert into authors (id, name, photo, slug, description) values (50, 'Nev Martinot', 'nulla neque libero convallis eget', 'Martinot', 'Proin leo odio, porttitor id, consequat in, consequat ut, nulla. Sed accumsan felis. Ut at dolor quis odio consequat varius.

Integer ac leo. Pellentesque ultrices mattis odio. Donec vitae nisi.

Nam ultrices, libero non mattis pulvinar, nulla pede ullamcorper augue, a suscipit nulla elit ac nulla. Sed vel enim sit amet nunc viverra dapibus. Nulla suscipit ligula in lacus.');
insert into authors (id, name, photo, slug, description) values (51, 'Lizette Rentoll', 'eget elit sodales scelerisque mauris sit amet eros suspendisse', 'Rentoll', 'Mauris enim leo, rhoncus sed, vestibulum sit amet, cursus id, turpis. Integer aliquet, massa id lobortis convallis, tortor risus dapibus augue, vel accumsan tellus nisi eu orci. Mauris lacinia sapien quis libero.

Nullam sit amet turpis elementum ligula vehicula consequat. Morbi a ipsum. Integer a nibh.

In quis justo. Maecenas rhoncus aliquam lacus. Morbi quis tortor id nulla ultrices aliquet.');
insert into authors (id, name, photo, slug, description) values (52, 'Jessi Larrett', 'augue a suscipit nulla elit ac', 'Larrett', 'Maecenas leo odio, condimentum id, luctus nec, molestie sed, justo. Pellentesque viverra pede ac diam. Cras pellentesque volutpat dui.

Maecenas tristique, est et tempus semper, est quam pharetra magna, ac consequat metus sapien ut nunc. Vestibulum ante ipsum primis in faucibus orci luctus et ultrices posuere cubilia Curae; Mauris viverra diam vitae quam. Suspendisse potenti.

Nullam porttitor lacus at turpis. Donec posuere metus vitae ipsum. Aliquam non mauris.

Morbi non lectus. Aliquam sit amet diam in magna bibendum imperdiet. Nullam orci pede, venenatis non, sodales sed, tincidunt eu, felis.');
insert into authors (id, name, photo, slug, description) values (53, 'Pearl Faithfull', 'integer ac leo pellentesque ultrices mattis odio donec vitae nisi', 'Faithfull', 'In congue. Etiam justo. Etiam pretium iaculis justo.

In hac habitasse platea dictumst. Etiam faucibus cursus urna. Ut tellus.

Nulla ut erat id mauris vulputate elementum. Nullam varius. Nulla facilisi.');
insert into authors (id, name, photo, slug, description) values (54, 'Clemmy Biddulph', 'massa quis augue luctus tincidunt nulla mollis molestie lorem', 'Biddulph', 'Aenean lectus. Pellentesque eget nunc. Donec quis orci eget orci vehicula condimentum.

Curabitur in libero ut massa volutpat convallis. Morbi odio odio, elementum eu, interdum eu, tincidunt in, leo. Maecenas pulvinar lobortis est.

Phasellus sit amet erat. Nulla tempus. Vivamus in felis eu sapien cursus vestibulum.

Proin eu mi. Nulla ac enim. In tempor, turpis nec euismod scelerisque, quam turpis adipiscing lorem, vitae mattis nibh ligula nec sem.

Duis aliquam convallis nunc. Proin at turpis a pede posuere nonummy. Integer non velit.');
insert into authors (id, name, photo, slug, description) values (55, 'Marney MacCosty', 'pretium iaculis diam erat fermentum justo nec condimentum neque', 'MacCosty', 'Nulla ut erat id mauris vulputate elementum. Nullam varius. Nulla facilisi.

Cras non velit nec nisi vulputate nonummy. Maecenas tincidunt lacus at velit. Vivamus vel nulla eget eros elementum pellentesque.

Quisque porta volutpat erat. Quisque erat eros, viverra eget, congue eget, semper rutrum, nulla. Nunc purus.');
insert into authors (id, name, photo, slug, description) values (56, 'Ebeneser Maus', 'odio condimentum id luctus nec molestie sed justo pellentesque', 'Maus', 'Phasellus sit amet erat. Nulla tempus. Vivamus in felis eu sapien cursus vestibulum.

Proin eu mi. Nulla ac enim. In tempor, turpis nec euismod scelerisque, quam turpis adipiscing lorem, vitae mattis nibh ligula nec sem.

Duis aliquam convallis nunc. Proin at turpis a pede posuere nonummy. Integer non velit.

Donec diam neque, vestibulum eget, vulputate ut, ultrices vel, augue. Vestibulum ante ipsum primis in faucibus orci luctus et ultrices posuere cubilia Curae; Donec pharetra, magna vestibulum aliquet ultrices, erat tortor sollicitudin mi, sit amet lobortis sapien sapien non mi. Integer ac neque.');
insert into authors (id, name, photo, slug, description) values (57, 'Jacquelin Jeske', 'id luctus nec molestie sed', 'Jeske', 'In hac habitasse platea dictumst. Etiam faucibus cursus urna. Ut tellus.

Nulla ut erat id mauris vulputate elementum. Nullam varius. Nulla facilisi.

Cras non velit nec nisi vulputate nonummy. Maecenas tincidunt lacus at velit. Vivamus vel nulla eget eros elementum pellentesque.');
insert into authors (id, name, photo, slug, description) values (58, 'Zach Silver', 'nisi venenatis tristique fusce congue diam id', 'Silver', 'Lorem ipsum dolor sit amet, consectetuer adipiscing elit. Proin risus. Praesent lectus.

Vestibulum quam sapien, varius ut, blandit non, interdum in, ante. Vestibulum ante ipsum primis in faucibus orci luctus et ultrices posuere cubilia Curae; Duis faucibus accumsan odio. Curabitur convallis.

Duis consequat dui nec nisi volutpat eleifend. Donec ut dolor. Morbi vel lectus in quam fringilla rhoncus.');
insert into authors (id, name, photo, slug, description) values (59, 'Melina Kettles', 'justo lacinia eget tincidunt eget tempus vel pede', 'Kettles', 'Cum sociis natoque penatibus et magnis dis parturient montes, nascetur ridiculus mus. Vivamus vestibulum sagittis sapien. Cum sociis natoque penatibus et magnis dis parturient montes, nascetur ridiculus mus.

Etiam vel augue. Vestibulum rutrum rutrum neque. Aenean auctor gravida sem.

Praesent id massa id nisl venenatis lacinia. Aenean sit amet justo. Morbi ut odio.

Cras mi pede, malesuada in, imperdiet et, commodo vulputate, justo. In blandit ultrices enim. Lorem ipsum dolor sit amet, consectetuer adipiscing elit.

Proin interdum mauris non ligula pellentesque ultrices. Phasellus id sapien in sapien iaculis congue. Vivamus metus arcu, adipiscing molestie, hendrerit at, vulputate vitae, nisl.');
insert into authors (id, name, photo, slug, description) values (60, 'Dahlia Tondeur', 'accumsan felis ut at dolor', 'Tondeur', 'Etiam vel augue. Vestibulum rutrum rutrum neque. Aenean auctor gravida sem.

Praesent id massa id nisl venenatis lacinia. Aenean sit amet justo. Morbi ut odio.

Cras mi pede, malesuada in, imperdiet et, commodo vulputate, justo. In blandit ultrices enim. Lorem ipsum dolor sit amet, consectetuer adipiscing elit.');
insert into authors (id, name, photo, slug, description) values (61, 'Glendon Looks', 'ultrices posuere cubilia curae donec pharetra magna vestibulum aliquet ultrices', 'Looks', 'Proin interdum mauris non ligula pellentesque ultrices. Phasellus id sapien in sapien iaculis congue. Vivamus metus arcu, adipiscing molestie, hendrerit at, vulputate vitae, nisl.

Aenean lectus. Pellentesque eget nunc. Donec quis orci eget orci vehicula condimentum.

Curabitur in libero ut massa volutpat convallis. Morbi odio odio, elementum eu, interdum eu, tincidunt in, leo. Maecenas pulvinar lobortis est.');
insert into authors (id, name, photo, slug, description) values (62, 'Karole Babst', 'pulvinar sed nisl nunc rhoncus dui vel sem', 'Babst', 'Curabitur gravida nisi at nibh. In hac habitasse platea dictumst. Aliquam augue quam, sollicitudin vitae, consectetuer eget, rutrum at, lorem.

Integer tincidunt ante vel ipsum. Praesent blandit lacinia erat. Vestibulum sed magna at nunc commodo placerat.

Praesent blandit. Nam nulla. Integer pede justo, lacinia eget, tincidunt eget, tempus vel, pede.

Morbi porttitor lorem id ligula. Suspendisse ornare consequat lectus. In est risus, auctor sed, tristique in, tempus sit amet, sem.');
insert into authors (id, name, photo, slug, description) values (63, 'Earlie McGraith', 'suspendisse accumsan tortor quis turpis', 'McGraith', 'Fusce posuere felis sed lacus. Morbi sem mauris, laoreet ut, rhoncus aliquet, pulvinar sed, nisl. Nunc rhoncus dui vel sem.

Sed sagittis. Nam congue, risus semper porta volutpat, quam pede lobortis ligula, sit amet eleifend pede libero quis orci. Nullam molestie nibh in lectus.

Pellentesque at nulla. Suspendisse potenti. Cras in purus eu magna vulputate luctus.

Cum sociis natoque penatibus et magnis dis parturient montes, nascetur ridiculus mus. Vivamus vestibulum sagittis sapien. Cum sociis natoque penatibus et magnis dis parturient montes, nascetur ridiculus mus.');
insert into authors (id, name, photo, slug, description) values (64, 'Thibaut Batty', 'ac leo pellentesque ultrices mattis odio donec vitae nisi', 'Batty', 'Vestibulum quam sapien, varius ut, blandit non, interdum in, ante. Vestibulum ante ipsum primis in faucibus orci luctus et ultrices posuere cubilia Curae; Duis faucibus accumsan odio. Curabitur convallis.

Duis consequat dui nec nisi volutpat eleifend. Donec ut dolor. Morbi vel lectus in quam fringilla rhoncus.

Mauris enim leo, rhoncus sed, vestibulum sit amet, cursus id, turpis. Integer aliquet, massa id lobortis convallis, tortor risus dapibus augue, vel accumsan tellus nisi eu orci. Mauris lacinia sapien quis libero.');
insert into authors (id, name, photo, slug, description) values (65, 'Edyth Venable', 'diam vitae quam suspendisse potenti nullam porttitor lacus at', 'Venable', 'Morbi non lectus. Aliquam sit amet diam in magna bibendum imperdiet. Nullam orci pede, venenatis non, sodales sed, tincidunt eu, felis.

Fusce posuere felis sed lacus. Morbi sem mauris, laoreet ut, rhoncus aliquet, pulvinar sed, nisl. Nunc rhoncus dui vel sem.

Sed sagittis. Nam congue, risus semper porta volutpat, quam pede lobortis ligula, sit amet eleifend pede libero quis orci. Nullam molestie nibh in lectus.

Pellentesque at nulla. Suspendisse potenti. Cras in purus eu magna vulputate luctus.

Cum sociis natoque penatibus et magnis dis parturient montes, nascetur ridiculus mus. Vivamus vestibulum sagittis sapien. Cum sociis natoque penatibus et magnis dis parturient montes, nascetur ridiculus mus.');
insert into authors (id, name, photo, slug, description) values (66, 'Chandal Burrel', 'rutrum ac lobortis vel dapibus at', 'Burrel', 'Proin leo odio, porttitor id, consequat in, consequat ut, nulla. Sed accumsan felis. Ut at dolor quis odio consequat varius.

Integer ac leo. Pellentesque ultrices mattis odio. Donec vitae nisi.

Nam ultrices, libero non mattis pulvinar, nulla pede ullamcorper augue, a suscipit nulla elit ac nulla. Sed vel enim sit amet nunc viverra dapibus. Nulla suscipit ligula in lacus.

Curabitur at ipsum ac tellus semper interdum. Mauris ullamcorper purus sit amet nulla. Quisque arcu libero, rutrum ac, lobortis vel, dapibus at, diam.');
insert into authors (id, name, photo, slug, description) values (67, 'Den Tixall', 'proin eu mi nulla ac enim', 'Tixall', 'Proin leo odio, porttitor id, consequat in, consequat ut, nulla. Sed accumsan felis. Ut at dolor quis odio consequat varius.

Integer ac leo. Pellentesque ultrices mattis odio. Donec vitae nisi.

Nam ultrices, libero non mattis pulvinar, nulla pede ullamcorper augue, a suscipit nulla elit ac nulla. Sed vel enim sit amet nunc viverra dapibus. Nulla suscipit ligula in lacus.

Curabitur at ipsum ac tellus semper interdum. Mauris ullamcorper purus sit amet nulla. Quisque arcu libero, rutrum ac, lobortis vel, dapibus at, diam.');
insert into authors (id, name, photo, slug, description) values (68, 'Donalt McIllroy', 'porta volutpat quam pede lobortis ligula sit amet eleifend pede', 'McIllroy', 'In congue. Etiam justo. Etiam pretium iaculis justo.

In hac habitasse platea dictumst. Etiam faucibus cursus urna. Ut tellus.

Nulla ut erat id mauris vulputate elementum. Nullam varius. Nulla facilisi.

Cras non velit nec nisi vulputate nonummy. Maecenas tincidunt lacus at velit. Vivamus vel nulla eget eros elementum pellentesque.');
insert into authors (id, name, photo, slug, description) values (69, 'Libbey Ruddom', 'quisque ut erat curabitur gravida', 'Ruddom', 'In hac habitasse platea dictumst. Morbi vestibulum, velit id pretium iaculis, diam erat fermentum justo, nec condimentum neque sapien placerat ante. Nulla justo.

Aliquam quis turpis eget elit sodales scelerisque. Mauris sit amet eros. Suspendisse accumsan tortor quis turpis.

Sed ante. Vivamus tortor. Duis mattis egestas metus.

Aenean fermentum. Donec ut mauris eget massa tempor convallis. Nulla neque libero, convallis eget, eleifend luctus, ultricies eu, nibh.');
insert into authors (id, name, photo, slug, description) values (70, 'Fleurette Barta', 'odio condimentum id luctus nec molestie sed justo', 'Barta', 'Phasellus in felis. Donec semper sapien a libero. Nam dui.

Proin leo odio, porttitor id, consequat in, consequat ut, nulla. Sed accumsan felis. Ut at dolor quis odio consequat varius.

Integer ac leo. Pellentesque ultrices mattis odio. Donec vitae nisi.

Nam ultrices, libero non mattis pulvinar, nulla pede ullamcorper augue, a suscipit nulla elit ac nulla. Sed vel enim sit amet nunc viverra dapibus. Nulla suscipit ligula in lacus.');
insert into authors (id, name, photo, slug, description) values (71, 'Danielle Noweak', 'nulla ac enim in tempor turpis', 'Noweak', 'In sagittis dui vel nisl. Duis ac nibh. Fusce lacus purus, aliquet at, feugiat non, pretium quis, lectus.

Suspendisse potenti. In eleifend quam a odio. In hac habitasse platea dictumst.

Maecenas ut massa quis augue luctus tincidunt. Nulla mollis molestie lorem. Quisque ut erat.

Curabitur gravida nisi at nibh. In hac habitasse platea dictumst. Aliquam augue quam, sollicitudin vitae, consectetuer eget, rutrum at, lorem.

Integer tincidunt ante vel ipsum. Praesent blandit lacinia erat. Vestibulum sed magna at nunc commodo placerat.');
insert into authors (id, name, photo, slug, description) values (72, 'Toby Sarjeant', 'amet sapien dignissim vestibulum vestibulum ante ipsum primis', 'Sarjeant', 'Cras mi pede, malesuada in, imperdiet et, commodo vulputate, justo. In blandit ultrices enim. Lorem ipsum dolor sit amet, consectetuer adipiscing elit.

Proin interdum mauris non ligula pellentesque ultrices. Phasellus id sapien in sapien iaculis congue. Vivamus metus arcu, adipiscing molestie, hendrerit at, vulputate vitae, nisl.

Aenean lectus. Pellentesque eget nunc. Donec quis orci eget orci vehicula condimentum.');
insert into authors (id, name, photo, slug, description) values (73, 'Adelina Goodwell', 'ultrices posuere cubilia curae duis faucibus accumsan odio', 'Goodwell', 'Fusce posuere felis sed lacus. Morbi sem mauris, laoreet ut, rhoncus aliquet, pulvinar sed, nisl. Nunc rhoncus dui vel sem.

Sed sagittis. Nam congue, risus semper porta volutpat, quam pede lobortis ligula, sit amet eleifend pede libero quis orci. Nullam molestie nibh in lectus.

Pellentesque at nulla. Suspendisse potenti. Cras in purus eu magna vulputate luctus.

Cum sociis natoque penatibus et magnis dis parturient montes, nascetur ridiculus mus. Vivamus vestibulum sagittis sapien. Cum sociis natoque penatibus et magnis dis parturient montes, nascetur ridiculus mus.');
insert into authors (id, name, photo, slug, description) values (74, 'Bailie Wanstall', 'felis sed interdum venenatis turpis enim blandit mi in', 'Wanstall', 'Lorem ipsum dolor sit amet, consectetuer adipiscing elit. Proin risus. Praesent lectus.

Vestibulum quam sapien, varius ut, blandit non, interdum in, ante. Vestibulum ante ipsum primis in faucibus orci luctus et ultrices posuere cubilia Curae; Duis faucibus accumsan odio. Curabitur convallis.

Duis consequat dui nec nisi volutpat eleifend. Donec ut dolor. Morbi vel lectus in quam fringilla rhoncus.

Mauris enim leo, rhoncus sed, vestibulum sit amet, cursus id, turpis. Integer aliquet, massa id lobortis convallis, tortor risus dapibus augue, vel accumsan tellus nisi eu orci. Mauris lacinia sapien quis libero.

Nullam sit amet turpis elementum ligula vehicula consequat. Morbi a ipsum. Integer a nibh.');
insert into authors (id, name, photo, slug, description) values (75, 'Clyde Mucklestone', 'magna bibendum imperdiet nullam orci', 'Mucklestone', 'Proin interdum mauris non ligula pellentesque ultrices. Phasellus id sapien in sapien iaculis congue. Vivamus metus arcu, adipiscing molestie, hendrerit at, vulputate vitae, nisl.

Aenean lectus. Pellentesque eget nunc. Donec quis orci eget orci vehicula condimentum.

Curabitur in libero ut massa volutpat convallis. Morbi odio odio, elementum eu, interdum eu, tincidunt in, leo. Maecenas pulvinar lobortis est.');
insert into authors (id, name, photo, slug, description) values (76, 'Serge Letcher', 'id lobortis convallis tortor risus dapibus', 'Letcher', 'Nullam porttitor lacus at turpis. Donec posuere metus vitae ipsum. Aliquam non mauris.

Morbi non lectus. Aliquam sit amet diam in magna bibendum imperdiet. Nullam orci pede, venenatis non, sodales sed, tincidunt eu, felis.

Fusce posuere felis sed lacus. Morbi sem mauris, laoreet ut, rhoncus aliquet, pulvinar sed, nisl. Nunc rhoncus dui vel sem.

Sed sagittis. Nam congue, risus semper porta volutpat, quam pede lobortis ligula, sit amet eleifend pede libero quis orci. Nullam molestie nibh in lectus.

Pellentesque at nulla. Suspendisse potenti. Cras in purus eu magna vulputate luctus.');
insert into authors (id, name, photo, slug, description) values (77, 'Gunar Mawditt', 'vel est donec odio justo sollicitudin ut suscipit', 'Mawditt', 'Phasellus in felis. Donec semper sapien a libero. Nam dui.

Proin leo odio, porttitor id, consequat in, consequat ut, nulla. Sed accumsan felis. Ut at dolor quis odio consequat varius.

Integer ac leo. Pellentesque ultrices mattis odio. Donec vitae nisi.

Nam ultrices, libero non mattis pulvinar, nulla pede ullamcorper augue, a suscipit nulla elit ac nulla. Sed vel enim sit amet nunc viverra dapibus. Nulla suscipit ligula in lacus.

Curabitur at ipsum ac tellus semper interdum. Mauris ullamcorper purus sit amet nulla. Quisque arcu libero, rutrum ac, lobortis vel, dapibus at, diam.');
insert into authors (id, name, photo, slug, description) values (78, 'Philly Bute', 'eu tincidunt in leo maecenas pulvinar lobortis est', 'Bute', 'Fusce posuere felis sed lacus. Morbi sem mauris, laoreet ut, rhoncus aliquet, pulvinar sed, nisl. Nunc rhoncus dui vel sem.

Sed sagittis. Nam congue, risus semper porta volutpat, quam pede lobortis ligula, sit amet eleifend pede libero quis orci. Nullam molestie nibh in lectus.

Pellentesque at nulla. Suspendisse potenti. Cras in purus eu magna vulputate luctus.');
insert into authors (id, name, photo, slug, description) values (79, 'Dario Witchell', 'leo pellentesque ultrices mattis odio donec', 'Witchell', 'Proin interdum mauris non ligula pellentesque ultrices. Phasellus id sapien in sapien iaculis congue. Vivamus metus arcu, adipiscing molestie, hendrerit at, vulputate vitae, nisl.

Aenean lectus. Pellentesque eget nunc. Donec quis orci eget orci vehicula condimentum.

Curabitur in libero ut massa volutpat convallis. Morbi odio odio, elementum eu, interdum eu, tincidunt in, leo. Maecenas pulvinar lobortis est.');
insert into authors (id, name, photo, slug, description) values (80, 'Carmine Huskisson', 'non mi integer ac neque duis bibendum', 'Huskisson', 'Maecenas ut massa quis augue luctus tincidunt. Nulla mollis molestie lorem. Quisque ut erat.

Curabitur gravida nisi at nibh. In hac habitasse platea dictumst. Aliquam augue quam, sollicitudin vitae, consectetuer eget, rutrum at, lorem.

Integer tincidunt ante vel ipsum. Praesent blandit lacinia erat. Vestibulum sed magna at nunc commodo placerat.

Praesent blandit. Nam nulla. Integer pede justo, lacinia eget, tincidunt eget, tempus vel, pede.');
insert into authors (id, name, photo, slug, description) values (81, 'Marybeth Waudby', 'libero rutrum ac lobortis vel dapibus', 'Waudby', 'Cum sociis natoque penatibus et magnis dis parturient montes, nascetur ridiculus mus. Vivamus vestibulum sagittis sapien. Cum sociis natoque penatibus et magnis dis parturient montes, nascetur ridiculus mus.

Etiam vel augue. Vestibulum rutrum rutrum neque. Aenean auctor gravida sem.

Praesent id massa id nisl venenatis lacinia. Aenean sit amet justo. Morbi ut odio.

Cras mi pede, malesuada in, imperdiet et, commodo vulputate, justo. In blandit ultrices enim. Lorem ipsum dolor sit amet, consectetuer adipiscing elit.');
insert into authors (id, name, photo, slug, description) values (82, 'Annadiane Izkovici', 'ultrices aliquet maecenas leo odio condimentum id luctus', 'Izkovici', 'In sagittis dui vel nisl. Duis ac nibh. Fusce lacus purus, aliquet at, feugiat non, pretium quis, lectus.

Suspendisse potenti. In eleifend quam a odio. In hac habitasse platea dictumst.

Maecenas ut massa quis augue luctus tincidunt. Nulla mollis molestie lorem. Quisque ut erat.

Curabitur gravida nisi at nibh. In hac habitasse platea dictumst. Aliquam augue quam, sollicitudin vitae, consectetuer eget, rutrum at, lorem.');


insert into books (id, title, price, pub_date, is_bestseller, slug, image, description, discount) values (1, 'Welcome Home, Roxy Carmichael', 4225, '2004-07-30', false, 'Friends, The (Les Amis)', 'molestie hendrerit at vulputate vitae nisl aenean', 'Aliquam quis turpis eget elit sodales scelerisque. Mauris sit amet eros. Suspendisse accumsan tortor quis turpis.', 35);
insert into books (id, title, price, pub_date, is_bestseller, slug, image, description, discount) values (2, 'Bay of Angels (La baie des anges)', 4770, '2009-07-22', false, 'Good Mother, The', 'ultrices aliquet maecenas leo odio condimentum id', 'In hac habitasse platea dictumst. Etiam faucibus cursus urna. Ut tellus.

Nulla ut erat id mauris vulputate elementum. Nullam varius. Nulla facilisi.', 15);
insert into books (id, title, price, pub_date, is_bestseller, slug, image, description, discount) values (3, 'Swamp Shark', 2430, '2014-11-23', true, 'Chennai Express', 'eget congue eget semper rutrum nulla', 'Duis bibendum. Morbi non quam nec dui luctus rutrum. Nulla tellus.

In sagittis dui vel nisl. Duis ac nibh. Fusce lacus purus, aliquet at, feugiat non, pretium quis, lectus.

Suspendisse potenti. In eleifend quam a odio. In hac habitasse platea dictumst.', 37);
insert into books (id, title, price, pub_date, is_bestseller, slug, image, description, discount) values (4, 'Julius Caesar', 1864, '2017-04-06', false, 'Maryam', 'adipiscing elit proin risus praesent', 'Curabitur gravida nisi at nibh. In hac habitasse platea dictumst. Aliquam augue quam, sollicitudin vitae, consectetuer eget, rutrum at, lorem.

Integer tincidunt ante vel ipsum. Praesent blandit lacinia erat. Vestibulum sed magna at nunc commodo placerat.

Praesent blandit. Nam nulla. Integer pede justo, lacinia eget, tincidunt eget, tempus vel, pede.', 21);
insert into books (id, title, price, pub_date, is_bestseller, slug, image, description, discount) values (5, 'Side Street', 3856, '1992-01-28', true, 'Man Hunt', 'diam id ornare imperdiet sapien urna', 'Suspendisse potenti. In eleifend quam a odio. In hac habitasse platea dictumst.

Maecenas ut massa quis augue luctus tincidunt. Nulla mollis molestie lorem. Quisque ut erat.

Curabitur gravida nisi at nibh. In hac habitasse platea dictumst. Aliquam augue quam, sollicitudin vitae, consectetuer eget, rutrum at, lorem.', 4);
insert into books (id, title, price, pub_date, is_bestseller, slug, image, description, discount) values (6, 'Wasp Woman, The', 3301, '2001-01-01', true, 'Nmadak TX', 'vivamus vel nulla eget eros', 'Vestibulum ac est lacinia nisi venenatis tristique. Fusce congue, diam id ornare imperdiet, sapien urna pretium nisl, ut volutpat sapien arcu sed augue. Aliquam erat volutpat.

In congue. Etiam justo. Etiam pretium iaculis justo.', 4);
insert into books (id, title, price, pub_date, is_bestseller, slug, image, description, discount) values (7, 'Yours, Mine and Ours', 911, '2017-04-12', false, 'Woman, The', 'ut blandit non interdum in ante', 'Nulla ut erat id mauris vulputate elementum. Nullam varius. Nulla facilisi.

Cras non velit nec nisi vulputate nonummy. Maecenas tincidunt lacus at velit. Vivamus vel nulla eget eros elementum pellentesque.', 24);
insert into books (id, title, price, pub_date, is_bestseller, slug, image, description, discount) values (8, 'Clue', 4320, '1992-01-04', true, 'Bloodsucking Freaks', 'lacus purus aliquet at feugiat non', 'In sagittis dui vel nisl. Duis ac nibh. Fusce lacus purus, aliquet at, feugiat non, pretium quis, lectus.', 45);
insert into books (id, title, price, pub_date, is_bestseller, slug, image, description, discount) values (9, 'Crouching Tiger, Hidden Dragon (Wo hu cang long)', 3488, '2005-03-04', true, 'Stevie', 'pulvinar lobortis est phasellus sit amet', 'In hac habitasse platea dictumst. Etiam faucibus cursus urna. Ut tellus.', 40);
insert into books (id, title, price, pub_date, is_bestseller, slug, image, description, discount) values (10, 'Signal, The (Seal, La)', 3291, '2000-05-04', true, 'Living with the Fosters', 'nullam orci pede venenatis non sodales sed', 'Maecenas tristique, est et tempus semper, est quam pharetra magna, ac consequat metus sapien ut nunc. Vestibulum ante ipsum primis in faucibus orci luctus et ultrices posuere cubilia Curae; Mauris viverra diam vitae quam. Suspendisse potenti.', 11);
insert into books (id, title, price, pub_date, is_bestseller, slug, image, description, discount) values (11, 'Man with the Golden Arm, The', 1146, '2020-02-20', false, 'My Friend Flicka', 'vulputate justo in blandit ultrices enim lorem', 'Morbi non lectus. Aliquam sit amet diam in magna bibendum imperdiet. Nullam orci pede, venenatis non, sodales sed, tincidunt eu, felis.

Fusce posuere felis sed lacus. Morbi sem mauris, laoreet ut, rhoncus aliquet, pulvinar sed, nisl. Nunc rhoncus dui vel sem.

Sed sagittis. Nam congue, risus semper porta volutpat, quam pede lobortis ligula, sit amet eleifend pede libero quis orci. Nullam molestie nibh in lectus.', 23);
insert into books (id, title, price, pub_date, is_bestseller, slug, image, description, discount) values (12, 'Run, Man, Run! (Corri uomo corri)', 2214, '1991-08-01', true, 'Guns of Fort Petticoat, The', 'non sodales sed tincidunt eu felis fusce', 'Sed ante. Vivamus tortor. Duis mattis egestas metus.

Aenean fermentum. Donec ut mauris eget massa tempor convallis. Nulla neque libero, convallis eget, eleifend luctus, ultricies eu, nibh.

Quisque id justo sit amet sapien dignissim vestibulum. Vestibulum ante ipsum primis in faucibus orci luctus et ultrices posuere cubilia Curae; Nulla dapibus dolor vel est. Donec odio justo, sollicitudin ut, suscipit a, feugiat et, eros.', 22);
insert into books (id, title, price, pub_date, is_bestseller, slug, image, description, discount) values (13, 'Breach', 2479, '1981-07-24', false, 'Ride', 'lacus morbi sem mauris laoreet', 'Nulla ut erat id mauris vulputate elementum. Nullam varius. Nulla facilisi.

Cras non velit nec nisi vulputate nonummy. Maecenas tincidunt lacus at velit. Vivamus vel nulla eget eros elementum pellentesque.', 41);
insert into books (id, title, price, pub_date, is_bestseller, slug, image, description, discount) values (14, 'Highwaymen', 3570, '2012-11-30', false, 'Yolanda and the Thief', 'dictumst maecenas ut massa quis', 'Proin leo odio, porttitor id, consequat in, consequat ut, nulla. Sed accumsan felis. Ut at dolor quis odio consequat varius.', 30);
insert into books (id, title, price, pub_date, is_bestseller, slug, image, description, discount) values (15, 'Minority Report', 3555, '2013-05-06', true, 'A Christmas Kiss', 'interdum mauris ullamcorper purus sit', 'Phasellus sit amet erat. Nulla tempus. Vivamus in felis eu sapien cursus vestibulum.', 49);
insert into books (id, title, price, pub_date, is_bestseller, slug, image, description, discount) values (16, 'Doubt', 4549, '2021-01-25', false, 'End of St. Petersburg, The (Konets Sankt-Peterburga)', 'quis turpis eget elit sodales scelerisque', 'Phasellus sit amet erat. Nulla tempus. Vivamus in felis eu sapien cursus vestibulum.

Proin eu mi. Nulla ac enim. In tempor, turpis nec euismod scelerisque, quam turpis adipiscing lorem, vitae mattis nibh ligula nec sem.

Duis aliquam convallis nunc. Proin at turpis a pede posuere nonummy. Integer non velit.', 8);
insert into books (id, title, price, pub_date, is_bestseller, slug, image, description, discount) values (17, 'Fantastic Four: Rise of the Silver Surfer', 988, '2003-08-15', false, 'Rocky Saga: Going the Distance, The', 'justo aliquam quis turpis eget', 'Aenean fermentum. Donec ut mauris eget massa tempor convallis. Nulla neque libero, convallis eget, eleifend luctus, ultricies eu, nibh.

Quisque id justo sit amet sapien dignissim vestibulum. Vestibulum ante ipsum primis in faucibus orci luctus et ultrices posuere cubilia Curae; Nulla dapibus dolor vel est. Donec odio justo, sollicitudin ut, suscipit a, feugiat et, eros.', 30);
insert into books (id, title, price, pub_date, is_bestseller, slug, image, description, discount) values (18, 'Guest from the Future (Gostya iz buduschego)', 3000, '2015-05-01', false, 'All at Sea', 'eu interdum eu tincidunt in leo maecenas', 'Aliquam quis turpis eget elit sodales scelerisque. Mauris sit amet eros. Suspendisse accumsan tortor quis turpis.

Sed ante. Vivamus tortor. Duis mattis egestas metus.

Aenean fermentum. Donec ut mauris eget massa tempor convallis. Nulla neque libero, convallis eget, eleifend luctus, ultricies eu, nibh.', 42);
insert into books (id, title, price, pub_date, is_bestseller, slug, image, description, discount) values (19, 'Late Chrysanthemums (Bangiku)', 4641, '1988-02-04', false, 'Detention of the Dead', 'libero rutrum ac lobortis vel dapibus at', 'In hac habitasse platea dictumst. Morbi vestibulum, velit id pretium iaculis, diam erat fermentum justo, nec condimentum neque sapien placerat ante. Nulla justo.

Aliquam quis turpis eget elit sodales scelerisque. Mauris sit amet eros. Suspendisse accumsan tortor quis turpis.

Sed ante. Vivamus tortor. Duis mattis egestas metus.', 24);
insert into books (id, title, price, pub_date, is_bestseller, slug, image, description, discount) values (20, 'Sweet November', 2504, '1986-12-18', false, 'Student Bodies', 'vulputate ut ultrices vel augue', 'In congue. Etiam justo. Etiam pretium iaculis justo.

In hac habitasse platea dictumst. Etiam faucibus cursus urna. Ut tellus.', 11);
insert into books (id, title, price, pub_date, is_bestseller, slug, image, description, discount) values (21, 'Blood Alley', 3234, '1994-03-29', true, 'At the Circus', 'orci luctus et ultrices posuere', 'Mauris enim leo, rhoncus sed, vestibulum sit amet, cursus id, turpis. Integer aliquet, massa id lobortis convallis, tortor risus dapibus augue, vel accumsan tellus nisi eu orci. Mauris lacinia sapien quis libero.

Nullam sit amet turpis elementum ligula vehicula consequat. Morbi a ipsum. Integer a nibh.

In quis justo. Maecenas rhoncus aliquam lacus. Morbi quis tortor id nulla ultrices aliquet.', 43);
insert into books (id, title, price, pub_date, is_bestseller, slug, image, description, discount) values (22, 'Jewel Robbery', 2936, '2012-05-09', true, 'Rapture, The', 'ipsum dolor sit amet consectetuer', 'Mauris enim leo, rhoncus sed, vestibulum sit amet, cursus id, turpis. Integer aliquet, massa id lobortis convallis, tortor risus dapibus augue, vel accumsan tellus nisi eu orci. Mauris lacinia sapien quis libero.

Nullam sit amet turpis elementum ligula vehicula consequat. Morbi a ipsum. Integer a nibh.', 7);
insert into books (id, title, price, pub_date, is_bestseller, slug, image, description, discount) values (23, 'Getting In', 3293, '2008-05-07', false, 'The Last Journey', 'aliquam non mauris morbi non', 'In hac habitasse platea dictumst. Morbi vestibulum, velit id pretium iaculis, diam erat fermentum justo, nec condimentum neque sapien placerat ante. Nulla justo.

Aliquam quis turpis eget elit sodales scelerisque. Mauris sit amet eros. Suspendisse accumsan tortor quis turpis.

Sed ante. Vivamus tortor. Duis mattis egestas metus.', 32);
insert into books (id, title, price, pub_date, is_bestseller, slug, image, description, discount) values (24, 'A Cinderella Story: Once Upon a Song', 3440, '2016-12-16', false, 'Journey to the Center of the Earth', 'donec semper sapien a libero', 'In quis justo. Maecenas rhoncus aliquam lacus. Morbi quis tortor id nulla ultrices aliquet.', 16);
insert into books (id, title, price, pub_date, is_bestseller, slug, image, description, discount) values (25, 'Rugrats Movie, The', 1489, '2002-12-17', false, 'Queen - Rock Montreal', 'ligula pellentesque ultrices phasellus id sapien in', 'Proin leo odio, porttitor id, consequat in, consequat ut, nulla. Sed accumsan felis. Ut at dolor quis odio consequat varius.

Integer ac leo. Pellentesque ultrices mattis odio. Donec vitae nisi.

Nam ultrices, libero non mattis pulvinar, nulla pede ullamcorper augue, a suscipit nulla elit ac nulla. Sed vel enim sit amet nunc viverra dapibus. Nulla suscipit ligula in lacus.', 22);
insert into books (id, title, price, pub_date, is_bestseller, slug, image, description, discount) values (26, 'See How They Fall (Regarde les hommes tomber)', 1785, '2001-12-28', true, 'Dragon Ball: The Curse Of The Blood Rubies (Doragon bru: Shenron no densetsu)', 'id nisl venenatis lacinia aenean sit amet', 'Integer ac leo. Pellentesque ultrices mattis odio. Donec vitae nisi.

Nam ultrices, libero non mattis pulvinar, nulla pede ullamcorper augue, a suscipit nulla elit ac nulla. Sed vel enim sit amet nunc viverra dapibus. Nulla suscipit ligula in lacus.

Curabitur at ipsum ac tellus semper interdum. Mauris ullamcorper purus sit amet nulla. Quisque arcu libero, rutrum ac, lobortis vel, dapibus at, diam.', 48);
insert into books (id, title, price, pub_date, is_bestseller, slug, image, description, discount) values (27, 'Man Who Could Work Miracles, The', 4103, '1995-04-03', false, 'Venom', 'interdum mauris ullamcorper purus sit amet', 'Cras non velit nec nisi vulputate nonummy. Maecenas tincidunt lacus at velit. Vivamus vel nulla eget eros elementum pellentesque.

Quisque porta volutpat erat. Quisque erat eros, viverra eget, congue eget, semper rutrum, nulla. Nunc purus.

Phasellus in felis. Donec semper sapien a libero. Nam dui.', 12);
insert into books (id, title, price, pub_date, is_bestseller, slug, image, description, discount) values (28, 'First Man Into Space', 3543, '1995-11-12', false, 'Night Shift', 'morbi odio odio elementum eu', 'Nullam sit amet turpis elementum ligula vehicula consequat. Morbi a ipsum. Integer a nibh.

In quis justo. Maecenas rhoncus aliquam lacus. Morbi quis tortor id nulla ultrices aliquet.

Maecenas leo odio, condimentum id, luctus nec, molestie sed, justo. Pellentesque viverra pede ac diam. Cras pellentesque volutpat dui.', 17);
insert into books (id, title, price, pub_date, is_bestseller, slug, image, description, discount) values (29, 'Other Woman, The', 2055, '2016-01-02', false, 'Brooklyn Dodgers: The Ghosts of Flatbush', 'justo in blandit ultrices enim lorem ipsum', 'Suspendisse potenti. In eleifend quam a odio. In hac habitasse platea dictumst.

Maecenas ut massa quis augue luctus tincidunt. Nulla mollis molestie lorem. Quisque ut erat.', 7);
insert into books (id, title, price, pub_date, is_bestseller, slug, image, description, discount) values (30, 'Sex and the Single Girl', 1539, '1995-03-28', true, 'Get a Horse!', 'sed justo pellentesque viverra pede ac', 'Morbi porttitor lorem id ligula. Suspendisse ornare consequat lectus. In est risus, auctor sed, tristique in, tempus sit amet, sem.

Fusce consequat. Nulla nisl. Nunc nisl.', 28);
insert into books (id, title, price, pub_date, is_bestseller, slug, image, description, discount) values (31, 'Bells of St. Mary''s, The', 1734, '1996-01-13', true, 'Intimate Enemies (L''ennemi intime)', 'venenatis tristique fusce congue diam id ornare', 'Morbi porttitor lorem id ligula. Suspendisse ornare consequat lectus. In est risus, auctor sed, tristique in, tempus sit amet, sem.

Fusce consequat. Nulla nisl. Nunc nisl.

Duis bibendum, felis sed interdum venenatis, turpis enim blandit mi, in porttitor pede justo eu massa. Donec dapibus. Duis at velit eu est congue elementum.', 25);
insert into books (id, title, price, pub_date, is_bestseller, slug, image, description, discount) values (32, 'Judgment Night', 4296, '1993-03-20', true, 'True Romance', 'et magnis dis parturient montes nascetur', 'Praesent id massa id nisl venenatis lacinia. Aenean sit amet justo. Morbi ut odio.

Cras mi pede, malesuada in, imperdiet et, commodo vulputate, justo. In blandit ultrices enim. Lorem ipsum dolor sit amet, consectetuer adipiscing elit.

Proin interdum mauris non ligula pellentesque ultrices. Phasellus id sapien in sapien iaculis congue. Vivamus metus arcu, adipiscing molestie, hendrerit at, vulputate vitae, nisl.', 17);
insert into books (id, title, price, pub_date, is_bestseller, slug, image, description, discount) values (33, 'Cantinflas', 638, '2003-02-02', false, 'Goodbye, 20th Century', 'sed tincidunt eu felis fusce posuere felis', 'Donec diam neque, vestibulum eget, vulputate ut, ultrices vel, augue. Vestibulum ante ipsum primis in faucibus orci luctus et ultrices posuere cubilia Curae; Donec pharetra, magna vestibulum aliquet ultrices, erat tortor sollicitudin mi, sit amet lobortis sapien sapien non mi. Integer ac neque.', 2);
insert into books (id, title, price, pub_date, is_bestseller, slug, image, description, discount) values (34, 'Pittsburgh', 935, '2011-06-21', true, 'In Order of Disappearance (Kraftidioten)', 'sem sed sagittis nam congue', 'Cras non velit nec nisi vulputate nonummy. Maecenas tincidunt lacus at velit. Vivamus vel nulla eget eros elementum pellentesque.', 50);
insert into books (id, title, price, pub_date, is_bestseller, slug, image, description, discount) values (35, 'Landet som icke r', 3263, '2010-06-08', false, 'Cranes Are Flying, The (Letyat zhuravli)', 'in quam fringilla rhoncus mauris', 'Cras non velit nec nisi vulputate nonummy. Maecenas tincidunt lacus at velit. Vivamus vel nulla eget eros elementum pellentesque.

Quisque porta volutpat erat. Quisque erat eros, viverra eget, congue eget, semper rutrum, nulla. Nunc purus.

Phasellus in felis. Donec semper sapien a libero. Nam dui.', 26);
insert into books (id, title, price, pub_date, is_bestseller, slug, image, description, discount) values (36, 'East Side Story', 1698, '1996-01-05', false, 'American Pie Presents Beta House (American Pie 6: Beta House)', 'ut at dolor quis odio consequat', 'Morbi porttitor lorem id ligula. Suspendisse ornare consequat lectus. In est risus, auctor sed, tristique in, tempus sit amet, sem.

Fusce consequat. Nulla nisl. Nunc nisl.', 7);
insert into books (id, title, price, pub_date, is_bestseller, slug, image, description, discount) values (37, 'Avatar', 1023, '2016-10-30', true, 'Rise of the Zombies', 'ante vel ipsum praesent blandit lacinia erat', 'Curabitur at ipsum ac tellus semper interdum. Mauris ullamcorper purus sit amet nulla. Quisque arcu libero, rutrum ac, lobortis vel, dapibus at, diam.', 28);
insert into books (id, title, price, pub_date, is_bestseller, slug, image, description, discount) values (38, 'Enid Is Sleeping', 3577, '2014-01-27', true, 'Major Movie Star', 'justo aliquam quis turpis eget', 'Duis bibendum. Morbi non quam nec dui luctus rutrum. Nulla tellus.

In sagittis dui vel nisl. Duis ac nibh. Fusce lacus purus, aliquet at, feugiat non, pretium quis, lectus.', 6);
insert into books (id, title, price, pub_date, is_bestseller, slug, image, description, discount) values (39, 'Carry on Behind', 4727, '2010-12-01', true, 'Land Before Time III: The Time of the Great Giving', 'natoque penatibus et magnis dis', 'Lorem ipsum dolor sit amet, consectetuer adipiscing elit. Proin risus. Praesent lectus.

Vestibulum quam sapien, varius ut, blandit non, interdum in, ante. Vestibulum ante ipsum primis in faucibus orci luctus et ultrices posuere cubilia Curae; Duis faucibus accumsan odio. Curabitur convallis.', 48);
insert into books (id, title, price, pub_date, is_bestseller, slug, image, description, discount) values (40, 'Dead on Time', 4122, '1987-11-04', false, 'Detroit Rock City', 'sapien quis libero nullam sit amet turpis', 'Proin interdum mauris non ligula pellentesque ultrices. Phasellus id sapien in sapien iaculis congue. Vivamus metus arcu, adipiscing molestie, hendrerit at, vulputate vitae, nisl.

Aenean lectus. Pellentesque eget nunc. Donec quis orci eget orci vehicula condimentum.

Curabitur in libero ut massa volutpat convallis. Morbi odio odio, elementum eu, interdum eu, tincidunt in, leo. Maecenas pulvinar lobortis est.', 32);
insert into books (id, title, price, pub_date, is_bestseller, slug, image, description, discount) values (41, 'Rock the Boat', 4872, '2007-08-17', false, 'Small Town Girl', 'ac lobortis vel dapibus at diam nam', 'Proin eu mi. Nulla ac enim. In tempor, turpis nec euismod scelerisque, quam turpis adipiscing lorem, vitae mattis nibh ligula nec sem.

Duis aliquam convallis nunc. Proin at turpis a pede posuere nonummy. Integer non velit.

Donec diam neque, vestibulum eget, vulputate ut, ultrices vel, augue. Vestibulum ante ipsum primis in faucibus orci luctus et ultrices posuere cubilia Curae; Donec pharetra, magna vestibulum aliquet ultrices, erat tortor sollicitudin mi, sit amet lobortis sapien sapien non mi. Integer ac neque.', 41);
insert into books (id, title, price, pub_date, is_bestseller, slug, image, description, discount) values (42, 'The Whisperer in Darkness', 2817, '1999-11-01', false, 'Tank', 'faucibus accumsan odio curabitur convallis duis consequat', 'Cum sociis natoque penatibus et magnis dis parturient montes, nascetur ridiculus mus. Vivamus vestibulum sagittis sapien. Cum sociis natoque penatibus et magnis dis parturient montes, nascetur ridiculus mus.

Etiam vel augue. Vestibulum rutrum rutrum neque. Aenean auctor gravida sem.', 15);
insert into books (id, title, price, pub_date, is_bestseller, slug, image, description, discount) values (43, 'On Top of the Whale (Het dak van de Walvis)', 3716, '1989-07-12', false, 'Cleopatra', 'a feugiat et eros vestibulum ac', 'Fusce consequat. Nulla nisl. Nunc nisl.', 36);
insert into books (id, title, price, pub_date, is_bestseller, slug, image, description, discount) values (44, 'Alamo, The', 2166, '2012-12-13', false, 'Creature with the Atom Brain', 'volutpat eleifend donec ut dolor morbi', 'Proin interdum mauris non ligula pellentesque ultrices. Phasellus id sapien in sapien iaculis congue. Vivamus metus arcu, adipiscing molestie, hendrerit at, vulputate vitae, nisl.

Aenean lectus. Pellentesque eget nunc. Donec quis orci eget orci vehicula condimentum.', 35);
insert into books (id, title, price, pub_date, is_bestseller, slug, image, description, discount) values (45, 'Welcome to Sarajevo', 3092, '2008-02-05', false, 'Emo Philips Live', 'pellentesque eget nunc donec quis', 'Quisque porta volutpat erat. Quisque erat eros, viverra eget, congue eget, semper rutrum, nulla. Nunc purus.

Phasellus in felis. Donec semper sapien a libero. Nam dui.', 27);
insert into books (id, title, price, pub_date, is_bestseller, slug, image, description, discount) values (46, 'Johnny English Reborn', 875, '1980-11-19', true, 'Savage Three', 'felis fusce posuere felis sed lacus morbi', 'Duis aliquam convallis nunc. Proin at turpis a pede posuere nonummy. Integer non velit.', 25);
insert into books (id, title, price, pub_date, is_bestseller, slug, image, description, discount) values (47, 'Shalako', 4619, '2019-09-04', false, 'The Butterfly Effect', 'turpis a pede posuere nonummy integer', 'Phasellus in felis. Donec semper sapien a libero. Nam dui.', 25);
insert into books (id, title, price, pub_date, is_bestseller, slug, image, description, discount) values (48, 'Hell in the Pacific', 2942, '1986-08-02', true, 'Boynton Beach Bereavement Club, The', 'volutpat erat quisque erat eros viverra', 'Sed ante. Vivamus tortor. Duis mattis egestas metus.

Aenean fermentum. Donec ut mauris eget massa tempor convallis. Nulla neque libero, convallis eget, eleifend luctus, ultricies eu, nibh.', 35);
insert into books (id, title, price, pub_date, is_bestseller, slug, image, description, discount) values (49, 'Key of Life (Kagi-dorob no mesoddo)', 3580, '2006-08-16', true, 'Contraband', 'ultricies eu nibh quisque id justo', 'In hac habitasse platea dictumst. Morbi vestibulum, velit id pretium iaculis, diam erat fermentum justo, nec condimentum neque sapien placerat ante. Nulla justo.

Aliquam quis turpis eget elit sodales scelerisque. Mauris sit amet eros. Suspendisse accumsan tortor quis turpis.

Sed ante. Vivamus tortor. Duis mattis egestas metus.', 25);
insert into books (id, title, price, pub_date, is_bestseller, slug, image, description, discount) values (50, 'Alive Day Memories: Home from Iraq (Occupation Iraq)', 2039, '2018-10-25', true, 'Retreat', 'at diam nam tristique tortor eu pede', 'Suspendisse potenti. In eleifend quam a odio. In hac habitasse platea dictumst.

Maecenas ut massa quis augue luctus tincidunt. Nulla mollis molestie lorem. Quisque ut erat.

Curabitur gravida nisi at nibh. In hac habitasse platea dictumst. Aliquam augue quam, sollicitudin vitae, consectetuer eget, rutrum at, lorem.', 42);
insert into books (id, title, price, pub_date, is_bestseller, slug, image, description, discount) values (51, 'Howards End', 1961, '2011-07-07', true, 'Red Sorghum (Hong gao liang)', 'feugiat non pretium quis lectus', 'In hac habitasse platea dictumst. Etiam faucibus cursus urna. Ut tellus.

Nulla ut erat id mauris vulputate elementum. Nullam varius. Nulla facilisi.', 27);
insert into books (id, title, price, pub_date, is_bestseller, slug, image, description, discount) values (52, 'Fighting Prince of Donegal, The', 3948, '1996-12-16', false, 'My Fellow Americans', 'erat id mauris vulputate elementum nullam varius', 'Vestibulum quam sapien, varius ut, blandit non, interdum in, ante. Vestibulum ante ipsum primis in faucibus orci luctus et ultrices posuere cubilia Curae; Duis faucibus accumsan odio. Curabitur convallis.', 21);
insert into books (id, title, price, pub_date, is_bestseller, slug, image, description, discount) values (53, 'The Biggest Bundle of Them All', 3026, '2019-06-26', true, 'Happy Tears', 'venenatis lacinia aenean sit amet justo', 'Mauris enim leo, rhoncus sed, vestibulum sit amet, cursus id, turpis. Integer aliquet, massa id lobortis convallis, tortor risus dapibus augue, vel accumsan tellus nisi eu orci. Mauris lacinia sapien quis libero.

Nullam sit amet turpis elementum ligula vehicula consequat. Morbi a ipsum. Integer a nibh.

In quis justo. Maecenas rhoncus aliquam lacus. Morbi quis tortor id nulla ultrices aliquet.', 7);
insert into books (id, title, price, pub_date, is_bestseller, slug, image, description, discount) values (54, 'This Gun for Hire', 2240, '1980-12-31', false, 'Rampart', 'ultrices vel augue vestibulum ante ipsum', 'Maecenas leo odio, condimentum id, luctus nec, molestie sed, justo. Pellentesque viverra pede ac diam. Cras pellentesque volutpat dui.

Maecenas tristique, est et tempus semper, est quam pharetra magna, ac consequat metus sapien ut nunc. Vestibulum ante ipsum primis in faucibus orci luctus et ultrices posuere cubilia Curae; Mauris viverra diam vitae quam. Suspendisse potenti.', 46);
insert into books (id, title, price, pub_date, is_bestseller, slug, image, description, discount) values (55, 'Hideaway', 1916, '1990-08-29', true, 'Donnie Brasco', 'accumsan odio curabitur convallis duis', 'Integer ac leo. Pellentesque ultrices mattis odio. Donec vitae nisi.', 7);
insert into books (id, title, price, pub_date, is_bestseller, slug, image, description, discount) values (56, 'Manual of Love 2 (Manuale d''amore (capitoli successivi))', 4054, '1991-09-06', false, 'Nun, The (La monja) ', 'id pretium iaculis diam erat', 'Aenean fermentum. Donec ut mauris eget massa tempor convallis. Nulla neque libero, convallis eget, eleifend luctus, ultricies eu, nibh.', 19);
insert into books (id, title, price, pub_date, is_bestseller, slug, image, description, discount) values (57, 'Monkey Business', 896, '1989-07-24', true, 'Black Robe', 'massa id nisl venenatis lacinia', 'Morbi porttitor lorem id ligula. Suspendisse ornare consequat lectus. In est risus, auctor sed, tristique in, tempus sit amet, sem.', 1);
insert into books (id, title, price, pub_date, is_bestseller, slug, image, description, discount) values (58, 'Anna Karenina', 4576, '2016-10-13', false, 'Goodbye to All That', 'vulputate luctus cum sociis natoque penatibus et', 'Aenean lectus. Pellentesque eget nunc. Donec quis orci eget orci vehicula condimentum.', 9);
insert into books (id, title, price, pub_date, is_bestseller, slug, image, description, discount) values (59, 'Colpo in canna', 3483, '1993-08-02', true, 'White Christmas', 'posuere felis sed lacus morbi sem', 'Maecenas leo odio, condimentum id, luctus nec, molestie sed, justo. Pellentesque viverra pede ac diam. Cras pellentesque volutpat dui.', 18);
insert into books (id, title, price, pub_date, is_bestseller, slug, image, description, discount) values (60, 'Adventures of Rocky and Bullwinkle, The', 1451, '1994-05-09', false, 'Blue Car', 'nisl aenean lectus pellentesque eget nunc', 'Curabitur gravida nisi at nibh. In hac habitasse platea dictumst. Aliquam augue quam, sollicitudin vitae, consectetuer eget, rutrum at, lorem.

Integer tincidunt ante vel ipsum. Praesent blandit lacinia erat. Vestibulum sed magna at nunc commodo placerat.', 11);
insert into books (id, title, price, pub_date, is_bestseller, slug, image, description, discount) values (61, 'Surplus: Terrorized Into Being Consumers', 2222, '2004-06-12', false, 'The Vixen', 'sed magna at nunc commodo', 'Quisque porta volutpat erat. Quisque erat eros, viverra eget, congue eget, semper rutrum, nulla. Nunc purus.

Phasellus in felis. Donec semper sapien a libero. Nam dui.

Proin leo odio, porttitor id, consequat in, consequat ut, nulla. Sed accumsan felis. Ut at dolor quis odio consequat varius.', 2);
insert into books (id, title, price, pub_date, is_bestseller, slug, image, description, discount) values (62, 'Lucky Night', 4201, '2008-08-03', false, 'Date Night', 'at velit vivamus vel nulla eget eros', 'Sed ante. Vivamus tortor. Duis mattis egestas metus.

Aenean fermentum. Donec ut mauris eget massa tempor convallis. Nulla neque libero, convallis eget, eleifend luctus, ultricies eu, nibh.

Quisque id justo sit amet sapien dignissim vestibulum. Vestibulum ante ipsum primis in faucibus orci luctus et ultrices posuere cubilia Curae; Nulla dapibus dolor vel est. Donec odio justo, sollicitudin ut, suscipit a, feugiat et, eros.', 28);
insert into books (id, title, price, pub_date, is_bestseller, slug, image, description, discount) values (63, 'Sexual Dependency (Dependencia sexual)', 4778, '1988-07-14', true, 'Shadowlands', 'leo maecenas pulvinar lobortis est phasellus sit', 'Curabitur gravida nisi at nibh. In hac habitasse platea dictumst. Aliquam augue quam, sollicitudin vitae, consectetuer eget, rutrum at, lorem.', 35);
insert into books (id, title, price, pub_date, is_bestseller, slug, image, description, discount) values (64, 'Final Darkness, The (Buio Omega)', 3975, '1992-01-10', false, 'Jungle Book, The', 'ac leo pellentesque ultrices mattis odio donec', 'Etiam vel augue. Vestibulum rutrum rutrum neque. Aenean auctor gravida sem.

Praesent id massa id nisl venenatis lacinia. Aenean sit amet justo. Morbi ut odio.

Cras mi pede, malesuada in, imperdiet et, commodo vulputate, justo. In blandit ultrices enim. Lorem ipsum dolor sit amet, consectetuer adipiscing elit.', 24);
insert into books (id, title, price, pub_date, is_bestseller, slug, image, description, discount) values (65, 'Four Lions', 2219, '2009-01-18', false, 'Where the Sidewalk Ends', 'ipsum primis in faucibus orci', 'Morbi porttitor lorem id ligula. Suspendisse ornare consequat lectus. In est risus, auctor sed, tristique in, tempus sit amet, sem.', 26);
insert into books (id, title, price, pub_date, is_bestseller, slug, image, description, discount) values (66, 'Hot Rod', 2242, '2020-03-04', true, 'Batman: The Dark Knight Returns, Part 2', 'ipsum primis in faucibus orci luctus', 'Duis aliquam convallis nunc. Proin at turpis a pede posuere nonummy. Integer non velit.', 16);
insert into books (id, title, price, pub_date, is_bestseller, slug, image, description, discount) values (67, 'Were the World Mine', 3327, '1990-03-30', true, 'Mood Indigo (L''cume des jours)', 'ac tellus semper interdum mauris ullamcorper purus', 'Curabitur in libero ut massa volutpat convallis. Morbi odio odio, elementum eu, interdum eu, tincidunt in, leo. Maecenas pulvinar lobortis est.

Phasellus sit amet erat. Nulla tempus. Vivamus in felis eu sapien cursus vestibulum.

Proin eu mi. Nulla ac enim. In tempor, turpis nec euismod scelerisque, quam turpis adipiscing lorem, vitae mattis nibh ligula nec sem.', 40);
insert into books (id, title, price, pub_date, is_bestseller, slug, image, description, discount) values (68, 'George Carlin: It''s Bad for Ya!', 4811, '2008-06-21', false, 'Bringing Up Bobby', 'dictumst maecenas ut massa quis', 'Phasellus sit amet erat. Nulla tempus. Vivamus in felis eu sapien cursus vestibulum.', 2);
insert into books (id, title, price, pub_date, is_bestseller, slug, image, description, discount) values (69, 'Thunderbolt and Lightfoot', 4102, '1982-01-22', true, 'Light Is Calling', 'aliquam erat volutpat in congue etiam justo', 'Duis bibendum. Morbi non quam nec dui luctus rutrum. Nulla tellus.', 38);
insert into books (id, title, price, pub_date, is_bestseller, slug, image, description, discount) values (70, 'More Than Honey', 2635, '1996-09-29', true, 'Gimme Shelter', 'dignissim vestibulum vestibulum ante ipsum primis', 'Aliquam quis turpis eget elit sodales scelerisque. Mauris sit amet eros. Suspendisse accumsan tortor quis turpis.

Sed ante. Vivamus tortor. Duis mattis egestas metus.', 5);
insert into books (id, title, price, pub_date, is_bestseller, slug, image, description, discount) values (71, 'Bordertown', 704, '2000-05-07', false, 'George Lopez: Tall, Dark & Chicano', 'feugiat et eros vestibulum ac est', 'Aliquam quis turpis eget elit sodales scelerisque. Mauris sit amet eros. Suspendisse accumsan tortor quis turpis.

Sed ante. Vivamus tortor. Duis mattis egestas metus.', 42);
insert into books (id, title, price, pub_date, is_bestseller, slug, image, description, discount) values (72, 'If These Walls Could Talk 2', 959, '1998-02-17', false, 'Crime After Crime', 'dolor quis odio consequat varius integer', 'In congue. Etiam justo. Etiam pretium iaculis justo.

In hac habitasse platea dictumst. Etiam faucibus cursus urna. Ut tellus.

Nulla ut erat id mauris vulputate elementum. Nullam varius. Nulla facilisi.', 11);
insert into books (id, title, price, pub_date, is_bestseller, slug, image, description, discount) values (73, 'Wheel, The (La Roue)', 4453, '2004-04-05', false, 'Jungle Book 2, The', 'semper interdum mauris ullamcorper purus sit amet', 'Proin leo odio, porttitor id, consequat in, consequat ut, nulla. Sed accumsan felis. Ut at dolor quis odio consequat varius.', 24);

insert into book2author (id, sort_index, author_id, book_id) values (1, 2, 75, 1);
insert into book2author (id, sort_index, author_id, book_id) values (2, 2, 75, 2);
insert into book2author (id, sort_index, author_id, book_id) values (3, 1, 55, 3);
insert into book2author (id, sort_index, author_id, book_id) values (4, 1, 72, 4);
insert into book2author (id, sort_index, author_id, book_id) values (5, 2, 37, 5);
insert into book2author (id, sort_index, author_id, book_id) values (6, 1, 33, 6);
insert into book2author (id, sort_index, author_id, book_id) values (7, 2, 39, 7);
insert into book2author (id, sort_index, author_id, book_id) values (8, 1, 4, 8);
insert into book2author (id, sort_index, author_id, book_id) values (9, 1, 38, 9);
insert into book2author (id, sort_index, author_id, book_id) values (10, 1, 26, 10);
insert into book2author (id, sort_index, author_id, book_id) values (11, 1, 12, 11);
insert into book2author (id, sort_index, author_id, book_id) values (12, 1, 27, 12);
insert into book2author (id, sort_index, author_id, book_id) values (13, 1, 13, 13);
insert into book2author (id, sort_index, author_id, book_id) values (14, 1, 3, 14);
insert into book2author (id, sort_index, author_id, book_id) values (15, 2, 67, 15);
insert into book2author (id, sort_index, author_id, book_id) values (16, 1, 44, 16);
insert into book2author (id, sort_index, author_id, book_id) values (17, 0, 67, 17);
insert into book2author (id, sort_index, author_id, book_id) values (18, 0, 52, 18);
insert into book2author (id, sort_index, author_id, book_id) values (19, 1, 18, 19);
insert into book2author (id, sort_index, author_id, book_id) values (20, 2, 33, 20);
insert into book2author (id, sort_index, author_id, book_id) values (21, 2, 42, 21);
insert into book2author (id, sort_index, author_id, book_id) values (22, 1, 1, 22);
insert into book2author (id, sort_index, author_id, book_id) values (23, 0, 32, 23);
insert into book2author (id, sort_index, author_id, book_id) values (24, 0, 8, 24);
insert into book2author (id, sort_index, author_id, book_id) values (25, 0, 30, 25);
insert into book2author (id, sort_index, author_id, book_id) values (26, 2, 72, 26);
insert into book2author (id, sort_index, author_id, book_id) values (27, 1, 43, 27);
insert into book2author (id, sort_index, author_id, book_id) values (28, 2, 34, 28);
insert into book2author (id, sort_index, author_id, book_id) values (29, 0, 64, 29);
insert into book2author (id, sort_index, author_id, book_id) values (30, 0, 6, 30);
insert into book2author (id, sort_index, author_id, book_id) values (31, 0, 56, 31);
insert into book2author (id, sort_index, author_id, book_id) values (32, 2, 35, 32);
insert into book2author (id, sort_index, author_id, book_id) values (33, 0, 42, 33);
insert into book2author (id, sort_index, author_id, book_id) values (34, 2, 75, 34);
insert into book2author (id, sort_index, author_id, book_id) values (35, 0, 74, 35);
insert into book2author (id, sort_index, author_id, book_id) values (36, 2, 8, 36);
insert into book2author (id, sort_index, author_id, book_id) values (37, 0, 20, 37);
insert into book2author (id, sort_index, author_id, book_id) values (38, 2, 42, 38);
insert into book2author (id, sort_index, author_id, book_id) values (39, 2, 59, 39);
insert into book2author (id, sort_index, author_id, book_id) values (40, 0, 7, 40);
insert into book2author (id, sort_index, author_id, book_id) values (41, 0, 36, 41);
insert into book2author (id, sort_index, author_id, book_id) values (42, 0, 56, 42);
insert into book2author (id, sort_index, author_id, book_id) values (43, 0, 25, 43);
insert into book2author (id, sort_index, author_id, book_id) values (44, 0, 79, 44);
insert into book2author (id, sort_index, author_id, book_id) values (45, 2, 60, 45);
insert into book2author (id, sort_index, author_id, book_id) values (46, 0, 22, 46);
insert into book2author (id, sort_index, author_id, book_id) values (47, 2, 31, 47);
insert into book2author (id, sort_index, author_id, book_id) values (48, 2, 26, 48);
insert into book2author (id, sort_index, author_id, book_id) values (49, 0, 4, 49);
insert into book2author (id, sort_index, author_id, book_id) values (50, 0, 79, 50);
insert into book2author (id, sort_index, author_id, book_id) values (51, 0, 27, 51);
insert into book2author (id, sort_index, author_id, book_id) values (52, 0, 65, 52);
insert into book2author (id, sort_index, author_id, book_id) values (53, 1, 65, 53);
insert into book2author (id, sort_index, author_id, book_id) values (54, 2, 62, 54);
insert into book2author (id, sort_index, author_id, book_id) values (55, 1, 47, 55);
insert into book2author (id, sort_index, author_id, book_id) values (56, 2, 32, 56);
insert into book2author (id, sort_index, author_id, book_id) values (57, 0, 73, 57);
insert into book2author (id, sort_index, author_id, book_id) values (58, 0, 40, 58);
insert into book2author (id, sort_index, author_id, book_id) values (59, 1, 58, 59);
insert into book2author (id, sort_index, author_id, book_id) values (60, 0, 23, 60);
insert into book2author (id, sort_index, author_id, book_id) values (61, 2, 12, 61);
insert into book2author (id, sort_index, author_id, book_id) values (62, 2, 11, 62);
insert into book2author (id, sort_index, author_id, book_id) values (63, 2, 3, 63);
insert into book2author (id, sort_index, author_id, book_id) values (64, 1, 5, 64);
insert into book2author (id, sort_index, author_id, book_id) values (65, 0, 70, 65);
insert into book2author (id, sort_index, author_id, book_id) values (66, 0, 67, 66);
insert into book2author (id, sort_index, author_id, book_id) values (67, 2, 33, 67);
insert into book2author (id, sort_index, author_id, book_id) values (68, 0, 31, 68);
insert into book2author (id, sort_index, author_id, book_id) values (69, 1, 33, 69);
insert into book2author (id, sort_index, author_id, book_id) values (70, 1, 28, 70);
insert into book2author (id, sort_index, author_id, book_id) values (71, 0, 55, 71);
insert into book2author (id, sort_index, author_id, book_id) values (72, 2, 34, 72);
insert into book2author (id, sort_index, author_id, book_id) values (73, 1, 7, 73);
